;Razon social;;;;;HARCHA MAQUINARIA  SPA;;;;;;;;Fecha de emisión;;;15-01-2026;;;
;R.U.T;;;;;76.858.929-1;;;;;;;;;;;;;;
;Dirección;;;;;CALLE SERVICIO ORIENTE 700 , Comuna LOS LAGOS;;;;;;;;;;;;;;
;Giro;;;;;Venta Al Por Mayor De Maquinaria Metalúrgica, Para La Minería, Extracción De Petróleo Y Construcción;;;;;;;;;;;;;;
;;;;;;;;;;;;;;;;;;;;
MOVIMIENTOS DE CONTROL POR OBRA Y CENTRO DE COSTO;;;;;;;;;;;;;;;;;;;;
;;;;;;;;;;;;;;;;;;;;
;;;;;;;;;;;;;;;;;;;;
Fechas: 01-10-2025 al 31-12-2025;;;;;;;;;;;;;;;;;;;;
;;;;;;;;;;;;;;;;;;;;
Obra;;;;;30101 VEHICULOS DE OPERACIONES;;;;;;;;;;;;;;;
;;;;;;;;;;;;;;;;;;;;
C.Costo;;;;;3010100001 C-51 CAMIONETA PEUGEOT PARTNER TSXT-79;;;;;;;;;;;;;;;
Cuenta;;;;;401010101 COMBUSTIBLES;;;;;;;;;;;;;;;
Dia;;;Mes;;Comp.;;Tipo;Tipo documento;Docto.;Glosa;;;Perdida;;;Ganancia;;;Saldo;
31;;;Octubre;;12.813;;Traspaso;;0;DIESEL;;;23.941;;;;;;-23.941;
31;;;Octubre;;12.813;;Traspaso;;0;DIESEL;;;38.297;;;;;;-62.238;
31;;;Octubre;;12.813;;Traspaso;;0;DIESEL;;;40.032;;;;;;-102.270;
31;;;Octubre;;12.813;;Traspaso;;0;DIESEL;;;34.680;;;;;;-136.950;
31;;;Octubre;;12.813;;Traspaso;;0;DIESEL;;;26.412;;;;;;-163.362;
31;;;Octubre;;12.813;;Traspaso;;0;DIESEL;;;36.582;;;;;;-199.944;
31;;;Octubre;;12.813;;Traspaso;;0;DIESEL;;;30.672;;;;;;-230.616;
31;;;Octubre;;12.813;;Traspaso;;0;DIESEL;;;32.376;;;;;;-262.992;
30;;;Noviembre;;13.562;;Traspaso;;0;DIESEL;;;39.780;;;;;;-302.772;
30;;;Noviembre;;13.562;;Traspaso;;0;DIESEL;;;42.770;;;;;;-345.542;
30;;;Noviembre;;13.562;;Traspaso;;0;DIESEL;;;32.760;;;;;;-378.302;
30;;;Noviembre;;13.562;;Traspaso;;0;DIESEL;;;25.740;;;;;;-404.042;
30;;;Noviembre;;13.562;;Traspaso;;0;DIESEL;;;36.036;;;;;;-440.078;
30;;;Noviembre;;13.562;;Traspaso;;0;DIESEL;;;39.974;;;;;;-480.052;
30;;;Noviembre;;13.562;;Traspaso;;0;DIESEL;;;31.284;;;;;;-511.336;
;;;;;;;;;;;;;;;;;;;;
Total 401010101 COMBUSTIBLES;;;;;;;;;;;;;511.336;;;;;;-511.336;
Cuenta;;;;;401010102 REPUESTOS Y ACCESORIOS;;;;;;;;;;;;;;;
Dia;;;Mes;;Comp.;;Tipo;Tipo documento;Docto.;Glosa;;;Perdida;;;Ganancia;;;Saldo;
7;;;Octubre;;11.977;;Traspaso;aFACTURA ELECTRONICA PROVEEDORES;6.979;FX 6979 PLUMILLAS TST79;;;10.084;;;;;;-10.084;
7;;;Octubre;;11.978;;Traspaso;aFACTURA ELECTRONICA PROVEEDORES;6.980;FX 6980  AMPOLLETAS TSXT79;;;10.084;;;;;;-20.168;
31;;;Octubre;;12.815;;Traspaso;;0;FILTRO ACEITE PEUGEOT PARNER;;;8.404;;;;;;-28.572;
31;;;Octubre;;12.815;;Traspaso;;0;FILTRO AIRE PEUGEOT PARNER;;;5.543;;;;;;-34.115;
31;;;Octubre;;12.815;;Traspaso;;0;FILTRO PETROLEO PEUGEOT PARNER;;;27.647;;;;;;-61.762;
31;;;Octubre;;12.815;;Traspaso;;0;ACEITE 5W30 TAMBOR;;;31.615;;;;;;-93.377;
31;;;Octubre;;12.814;;Traspaso;;0;CABLE DE PUENTEAR;;;21.555;;;;;;-114.932;
10;;;Diciembre;;13.342;;Traspaso;aFACTURA ELECTRONICA PROVEEDORES;16.419;FILTRO CTA TSXT79;;;13.446;;;;;;-128.378;
;;;;;;;;;;;;;;;;;;;;
Total 401010102 REPUESTOS Y ACCESORIOS;;;;;;;;;;;;;128.378;;;;;;-128.378;
Cuenta;;;;;401010103 REPARACIONES  Y MANTENCION;;;;;;;;;;;;;;;
Dia;;;Mes;;Comp.;;Tipo;Tipo documento;Docto.;Glosa;;;Perdida;;;Ganancia;;;Saldo;
30;;;Noviembre;;13.088;;Traspaso;aFACTURA ELECTRONICA PROVEEDORES;1.122;FAEL/1122/SERVICIOS DE VULCANIZACION SERVANDO FIGUEROA;;;8.000;;;;;;-8.000;
;;;;;;;;;;;;;;;;;;;;
Total 401010103 REPARACIONES  Y MANTENCION;;;;;;;;;;;;;8.000;;;;;;-8.000;
Cuenta;;;;;401010105 PEAJES Y TRANSBORDADOR;;;;;;;;;;;;;;;
Dia;;;Mes;;Comp.;;Tipo;Tipo documento;Docto.;Glosa;;;Perdida;;;Ganancia;;;Saldo;
6;;;Octubre;;12.522;;Traspaso;aFACTURA ELECTRONICA PROVEEDORES;4.593.597;FAEL/4593597/Sociedad Concesionaria Vespucio Norte Express S.A.;;;430;;;;;;-430;
8;;;Octubre;;12.043;;Traspaso;;48.429.298;2 PEAJES MUNIR LANCO;;;7.000;;;;;;-7.430;
17;;;Octubre;;12.180;;Traspaso;;2.040;PEAJE OSORNO MUNIR DIA 08 CTA TSXT79;;;900;;;;;;-8.330;
17;;;Octubre;;12.196;;Traspaso;;2.051;4 PEAJES VIAJE A TEMUCO MUNIR RIADI CTA TSXT79;;;13.800;;;;;;-22.130;
27;;;Octubre;;12.310;;Traspaso;;4.212;3 PEAJES CTA TSXT79;;;7.900;;;;;;-30.030;
5;;;Diciembre;;13.321;;Traspaso;;63.423;10 COLACIONES MUNI RIADI DEL 03 AL 14 DE NOV.;;;70.000;;;;;;-100.030;
18;;;Diciembre;;13.577;;Traspaso;;2.158;4 PEAJES VIAJE TEMUCO CTA TSXT79 MUNIR RIADI;;;13.800;;;;;;-113.830;
31;;;Diciembre;;13.758;;Traspaso;aFACTURA ELECTRONICA PROVEEDORES;4.690.291;FAEL/4690291/Sociedad Concesionaria Vespucio Norte Express S.A.;;;777;;;;;;-114.607;
;;;;;;;;;;;;;;;;;;;;
Total 401010105 PEAJES Y TRANSBORDADOR;;;;;;;;;;;;;114.607;;;;;;-114.607;
Cuenta;;;;;401010112 ALIMENTACION;;;;;;;;;;;;;;;
Dia;;;Mes;;Comp.;;Tipo;Tipo documento;Docto.;Glosa;;;Perdida;;;Ganancia;;;Saldo;
17;;;Octubre;;12.180;;Traspaso;;62.854;10 COLACIONES MUNIR RIADI DIAS 1-2-3-6-7-8-9-10-13-14 OCT.;;;70.000;;;;;;-70.000;
13;;;Noviembre;;12.766;;Traspaso;;63.102;12 COLACIONES MUNIR RIADI DIAS 15-16-17-20-21-22-23-24-27-28-29-30 OCT. VALDIVIA;;;84.000;;;;;;-154.000;
28;;;Noviembre;;13.330;;Traspaso;;63.506;10 COLACIONES VALDIVIA 17-18-19-20-21-24-25-26-27-28 NOV CTA TSXT79;;;68.200;;;;;;-222.200;
18;;;Diciembre;;13.577;;Traspaso;;63.525;3 COLACIONES MUNIR RIADI DIAS 01-02-03 DIC.;;;21.000;;;;;;-243.200;
;;;;;;;;;;;;;;;;;;;;
Total 401010112 ALIMENTACION;;;;;;;;;;;;;243.200;;;;;;-243.200;
Obra;;;;;30101 VEHICULOS DE OPERACIONES;;;;;;;;;;;;;;;
Cuenta;;;;;401010113 ESTACIONAMIENTOS;;;;;;;;;;;;;;;
Dia;;;Mes;;Comp.;;Tipo;Tipo documento;Docto.;Glosa;;;Perdida;;;Ganancia;;;Saldo;
13;;;Octubre;;12.156;;Traspaso;;165.529.919;TICKET ESTACIONAMIENTO MUNIR 07.10.2025;;;2.080;;;;;;-2.080;
17;;;Octubre;;12.196;;Traspaso;;311.010;ESTACIONAMIENTO MUNIR RIADI CTA TSXT79;;;1.000;;;;;;-3.080;
27;;;Octubre;;12.310;;Traspaso;;203.027;ESTACIONAMIENTO VALDIVIA CTA TSXT79 MUNIR RIADI;;;1.000;;;;;;-4.080;
30;;;Octubre;;12.510;;Traspaso;;20.902;ESTACIONAMIENTO CTA TSXT-79 VALDIVIA MUNIR RIADI;;;1.000;;;;;;-5.080;
30;;;Octubre;;12.543;;Traspaso;;33.938;ESTACIONAMIENTO CTA TSXT 79 MUNIR RIADI LOS LAGOS;;;400;;;;;;-5.480;
20;;;Noviembre;;12.797;;Traspaso;;16.460;3 BOLETAS ESTACIONAMIENTO VALDIVIA CTA TSXT79 MUNIR RIADI;;;2.400;;;;;;-7.880;
28;;;Noviembre;;13.199;;Traspaso;;21.015.618;4 BOLETAS ESTACIONAMIENTO MUNIR RIADI CTA TSXT-79;;;5.120;;;;;;-13.000;
10;;;Diciembre;;13.350;;Traspaso;;23.023;ESTACIONAMIENTO CTA TSXT79;;;1.000;;;;;;-14.000;
31;;;Diciembre;;13.859;;Traspaso;;3.286;5 BOLETAS ESTACIONAMIENTO MUNI RIADI CTA TSXT79;;;7.640;;;;;;-21.640;
;;;;;;;;;;;;;;;;;;;;
Total 401010113 ESTACIONAMIENTOS;;;;;;;;;;;;;21.640;;;;;;-21.640;
Cuenta;;;;;401010119 CUOTAS LEASING;;;;;;;;;;;;;;;
Dia;;;Mes;;Comp.;;Tipo;Tipo documento;Docto.;Glosa;;;Perdida;;;Ganancia;;;Saldo;
16;;;Octubre;;12.477;;Traspaso;aFACTURA ELECTRONICA PROVEEDORES;28.793.572;FAEL/28793572/Banco de Credito e Inversiones;;;878.571;;;;;;-878.571;
30;;;Noviembre;;13.119;;Traspaso;aFACTURA ELECTRONICA PROVEEDORES;28.974.041;FAEL/28974041/Banco de Credito e Inversiones;;;878.572;;;;;;-1.757.143;
18;;;Diciembre;;13.589;;Traspaso;aFACTURA ELECTRONICA PROVEEDORES;29.149.483;FAEL/29149483/Banco de Credito e Inversiones;;;878.571;;;;;;-2.635.714;
;;;;;;;;;;;;;;;;;;;;
Total 401010119 CUOTAS LEASING;;;;;;;;;;;;;2.635.714;;;;;;-2.635.714;
;;;;;;;;;;;;;;;;;;;;
Total 3010100001 C-51 CAMIONETA PEUGEOT PARTNER TSXT-79;;;;;;;;;;;;;3.662.875;;;;;;-2.635.714;
;;;;;;;;;;;;;;;;;;;;
C.Costo;;;;;3010100002 C-04 JAC GBPH77;;;;;;;;;;;;;;;
Cuenta;;;;;401010101 COMBUSTIBLES;;;;;;;;;;;;;;;
Dia;;;Mes;;Comp.;;Tipo;Tipo documento;Docto.;Glosa;;;Perdida;;;Ganancia;;;Saldo;
31;;;Octubre;;12.813;;Traspaso;;0;DIESEL;;;40.866;;;;;;-40.866;
31;;;Octubre;;12.813;;Traspaso;;0;DIESEL;;;51.360;;;;;;-92.226;
31;;;Octubre;;12.813;;Traspaso;;0;DIESEL;;;51.153;;;;;;-143.379;
31;;;Octubre;;12.813;;Traspaso;;0;DIESEL;;;45.870;;;;;;-189.249;
30;;;Noviembre;;13.562;;Traspaso;;0;DIESEL;;;46.057;;;;;;-235.306;
30;;;Noviembre;;13.562;;Traspaso;;0;DIESEL;;;42.042;;;;;;-277.348;
30;;;Noviembre;;13.562;;Traspaso;;0;DIESEL;;;17.160;;;;;;-294.508;
30;;;Noviembre;;13.562;;Traspaso;;0;DIESEL;;;55.237;;;;;;-349.745;
;;;;;;;;;;;;;;;;;;;;
Total 401010101 COMBUSTIBLES;;;;;;;;;;;;;349.745;;;;;;-349.745;
Cuenta;;;;;401010102 REPUESTOS Y ACCESORIOS;;;;;;;;;;;;;;;
Dia;;;Mes;;Comp.;;Tipo;Tipo documento;Docto.;Glosa;;;Perdida;;;Ganancia;;;Saldo;
31;;;Octubre;;12.815;;Traspaso;;0;LIMPIA CONTACTO;;;5.650;;;;;;-5.650;
31;;;Octubre;;12.815;;Traspaso;;0;LIQUIDO DE FRENO 1 LITRO;;;11.291;;;;;;-16.941;
31;;;Octubre;;12.815;;Traspaso;;0;GRASA MULTIPROPOSITO MOBIL 400 GRS;;;3.378;;;;;;-20.319;
31;;;Octubre;;12.815;;Traspaso;;0;JUEGO PASTILLA FRENO JAC REFINE;;;71.513;;;;;;-91.832;
31;;;Octubre;;12.815;;Traspaso;;0;NEUMATICO 235/75 R15;;;310.524;;;;;;-402.356;
31;;;Octubre;;12.815;;Traspaso;;0;FUSIBLE MINI 15 AMP;;;496;;;;;;-402.852;
;;;;;;;;;;;;;;;;;;;;
Total 401010102 REPUESTOS Y ACCESORIOS;;;;;;;;;;;;;402.852;;;;;;-402.852;
Cuenta;;;;;401010103 REPARACIONES  Y MANTENCION;;;;;;;;;;;;;;;
Dia;;;Mes;;Comp.;;Tipo;Tipo documento;Docto.;Glosa;;;Perdida;;;Ganancia;;;Saldo;
7;;;Octubre;;12.342;;Traspaso;aFACTURA ELECTRONICA PROVEEDORES;5.203.830;FAEL/5203830/ANTONIO CASTILLO S.A.;;;43.529;;;;;;-43.529;
15;;;Octubre;;12.349;;Traspaso;aFACTURA ELECTRONICA PROVEEDORES;10.221;FAEL/10221/COMERCIAL AR SPA;;;120.000;;;;;;-163.529;
23;;;Octubre;;12.327;;Traspaso;aFACTURA ELECTRONICA PROVEEDORES;1.192;FAEL/1192/JUAN FERNANDO MONSALVE GAJARDO;;;20.000;;;;;;-183.529;
;;;;;;;;;;;;;;;;;;;;
Total 401010103 REPARACIONES  Y MANTENCION;;;;;;;;;;;;;183.529;;;;;;-183.529;
Cuenta;;;;;401010104 ELEMENTOS DE PROTECCION PERSONAL;;;;;;;;;;;;;;;
Dia;;;Mes;;Comp.;;Tipo;Tipo documento;Docto.;Glosa;;;Perdida;;;Ganancia;;;Saldo;
30;;;Noviembre;;13.564;;Traspaso;;0;CHALECO MALLA M;;;2.792;;;;;;-2.792;
30;;;Noviembre;;13.564;;Traspaso;;0;BOTIQUIN;;;10.687;;;;;;-13.479;
;;;;;;;;;;;;;;;;;;;;
Total 401010104 ELEMENTOS DE PROTECCION PERSONAL;;;;;;;;;;;;;13.479;;;;;;-13.479;
Obra;;;;;30101 VEHICULOS DE OPERACIONES;;;;;;;;;;;;;;;
Cuenta;;;;;401010105 PEAJES Y TRANSBORDADOR;;;;;;;;;;;;;;;
Dia;;;Mes;;Comp.;;Tipo;Tipo documento;Docto.;Glosa;;;Perdida;;;Ganancia;;;Saldo;
20;;;Noviembre;;12.797;;Traspaso;;4.283;3 PEAJES VIAJE OSORNO CTA GBPH77 JEANIS OPORTE;;;7.900;;;;;;-7.900;
;;;;;;;;;;;;;;;;;;;;
Total 401010105 PEAJES Y TRANSBORDADOR;;;;;;;;;;;;;7.900;;;;;;-7.900;
Cuenta;;;;;401010112 ALIMENTACION;;;;;;;;;;;;;;;
Dia;;;Mes;;Comp.;;Tipo;Tipo documento;Docto.;Glosa;;;Perdida;;;Ganancia;;;Saldo;
3;;;Octubre;;11.938;;Traspaso;;62.801;B/62801 VIATICO J.ZAPATA 29.09.2025 VISA LEO;;;4.800;;;;;;-4.800;
20;;;Noviembre;;12.797;;Traspaso;;263;COLACION JEANIS OPORTO VIAJE OSORNO;;;6.300;;;;;;-11.100;
;;;;;;;;;;;;;;;;;;;;
Total 401010112 ALIMENTACION;;;;;;;;;;;;;11.100;;;;;;-11.100;
Cuenta;;;;;401010115 POLIZA DE SEGURO;;;;;;;;;;;;;;;
Dia;;;Mes;;Comp.;;Tipo;Tipo documento;Docto.;Glosa;;;Perdida;;;Ganancia;;;Saldo;
1;;;Octubre;;12.496;;Traspaso;aFACTURA ELECTRONICA PROVEEDORES;8.020.176;FAEL/8020176/Seguros Generales Suramericana Sa;;;83.052;;;;;;-83.052;
7;;;Noviembre;;13.110;;Traspaso;aFACTURA ELECTRONICA PROVEEDORES;8.058.060;FAEL/8058060/Seguros Generales Suramericana Sa;;;83.342;;;;;;-166.394;
19;;;Diciembre;;13.625;;Traspaso;aFACTURA ELECTRONICA PROVEEDORES;8.082.291;FAEL/8082291/Seguros Generales Suramericana Sa;;;83.384;;;;;;-249.778;
;;;;;;;;;;;;;;;;;;;;
Total 401010115 POLIZA DE SEGURO;;;;;;;;;;;;;249.778;;;;;;-249.778;
;;;;;;;;;;;;;;;;;;;;
Total 3010100002 C-04 JAC GBPH77;;;;;;;;;;;;;1.218.383;;;;;;-249.778;
;;;;;;;;;;;;;;;;;;;;
C.Costo;;;;;3010100005 C-17 MITSUBISHI KPGT74;;;;;;;;;;;;;;;
Cuenta;;;;;401010101 COMBUSTIBLES;;;;;;;;;;;;;;;
Dia;;;Mes;;Comp.;;Tipo;Tipo documento;Docto.;Glosa;;;Perdida;;;Ganancia;;;Saldo;
31;;;Octubre;;12.813;;Traspaso;;0;DIESEL;;;40.866;;;;;;-40.866;
30;;;Noviembre;;13.562;;Traspaso;;0;DIESEL;;;30.940;;;;;;-71.806;
30;;;Noviembre;;13.562;;Traspaso;;0;DIESEL;;;40.843;;;;;;-112.649;
;;;;;;;;;;;;;;;;;;;;
Total 401010101 COMBUSTIBLES;;;;;;;;;;;;;112.649;;;;;;-112.649;
Cuenta;;;;;401010103 REPARACIONES  Y MANTENCION;;;;;;;;;;;;;;;
Dia;;;Mes;;Comp.;;Tipo;Tipo documento;Docto.;Glosa;;;Perdida;;;Ganancia;;;Saldo;
31;;;Diciembre;;13.854;;Traspaso;aFACTURA ELECTRONICA PROVEEDORES;1.137;FAEL/1137/SERVICIOS DE VULCANIZACION SERVANDO FIGUEROA;;;12.000;;;;;;-12.000;
;;;;;;;;;;;;;;;;;;;;
Total 401010103 REPARACIONES  Y MANTENCION;;;;;;;;;;;;;12.000;;;;;;-12.000;
;;;;;;;;;;;;;;;;;;;;
Total 3010100005 C-17 MITSUBISHI KPGT74;;;;;;;;;;;;;124.649;;;;;;-12.000;
;;;;;;;;;;;;;;;;;;;;
C.Costo;;;;;3010100007 C-19 MITSUBISHI L200 RCZX21;;;;;;;;;;;;;;;
Cuenta;;;;;401010101 COMBUSTIBLES;;;;;;;;;;;;;;;
Dia;;;Mes;;Comp.;;Tipo;Tipo documento;Docto.;Glosa;;;Perdida;;;Ganancia;;;Saldo;
8;;;Octubre;;12.034;;Traspaso;aFACTURA ELECTRONICA PROVEEDORES;5.512.481;FX 5512481 DIESEL JORGE ARIAS RCZX21;;;15.189;;;;;;-15.189;
8;;;Octubre;;12.034;;Traspaso;aFACTURA ELECTRONICA PROVEEDORES;5.512.481;FX 5512481 DIESEL JORGE ARIAS RCZX21;;;1.925;;;;;;-17.114;
31;;;Octubre;;12.813;;Traspaso;;0;DIESEL;;;45.412;;;;;;-62.526;
31;;;Octubre;;12.813;;Traspaso;;0;DIESEL;;;44.389;;;;;;-106.915;
31;;;Octubre;;12.813;;Traspaso;;0;DIESEL;;;54.002;;;;;;-160.917;
31;;;Octubre;;12.813;;Traspaso;;0;DIESEL;;;41.200;;;;;;-202.117;
31;;;Octubre;;12.813;;Traspaso;;0;DIESEL;;;51.946;;;;;;-254.063;
31;;;Octubre;;12.813;;Traspaso;;0;DIESEL;;;57.222;;;;;;-311.285;
31;;;Octubre;;12.813;;Traspaso;;0;DIESEL;;;31.672;;;;;;-342.957;
30;;;Noviembre;;13.562;;Traspaso;;0;DIESEL;;;51.271;;;;;;-394.228;
30;;;Noviembre;;13.562;;Traspaso;;0;DIESEL;;;35.629;;;;;;-429.857;
30;;;Noviembre;;13.562;;Traspaso;;0;DIESEL;;;39.468;;;;;;-469.325;
30;;;Noviembre;;13.562;;Traspaso;;0;DIESEL;;;50.388;;;;;;-519.713;
30;;;Noviembre;;13.562;;Traspaso;;0;DIESEL;;;35.490;;;;;;-555.203;
;;;;;;;;;;;;;;;;;;;;
Total 401010101 COMBUSTIBLES;;;;;;;;;;;;;555.203;;;;;;-555.203;
Obra;;;;;30101 VEHICULOS DE OPERACIONES;;;;;;;;;;;;;;;
Cuenta;;;;;401010102 REPUESTOS Y ACCESORIOS;;;;;;;;;;;;;;;
Dia;;;Mes;;Comp.;;Tipo;Tipo documento;Docto.;Glosa;;;Perdida;;;Ganancia;;;Saldo;
31;;;Octubre;;12.815;;Traspaso;;0;NEUMATICO 245/75 R16 PANTANERO;;;377.492;;;;;;-377.492;
31;;;Octubre;;12.815;;Traspaso;;0;FILTRO L200 COMBUSTIBLE (2016-2019);;;8.589;;;;;;-386.081;
31;;;Octubre;;12.815;;Traspaso;;0;FILTRO L200 ACEITE MITSUBISHI (2011-2019);;;3.276;;;;;;-389.357;
31;;;Octubre;;12.815;;Traspaso;;0;FILTRO L200 AIRE MITSUBISHI(2016-2019);;;6.554;;;;;;-395.911;
31;;;Octubre;;12.815;;Traspaso;;0;FILTRO L200 A/C;;;2.353;;;;;;-398.264;
31;;;Octubre;;12.815;;Traspaso;;0;ACEITE 5W30 TAMBOR;;;50.584;;;;;;-448.848;
30;;;Noviembre;;13.564;;Traspaso;;0;AMORTIGUADORES DELANTEROS L200 2018;;;88.246;;;;;;-537.094;
30;;;Noviembre;;13.564;;Traspaso;;0;REFRIGERANTE TAMBOR;;;25.500;;;;;;-562.594;
30;;;Noviembre;;13.564;;Traspaso;;0;EXTINTOR DE 2 KILOS;;;17.303;;;;;;-579.897;
;;;;;;;;;;;;;;;;;;;;
Total 401010102 REPUESTOS Y ACCESORIOS;;;;;;;;;;;;;579.897;;;;;;-579.897;
Cuenta;;;;;401010103 REPARACIONES  Y MANTENCION;;;;;;;;;;;;;;;
Dia;;;Mes;;Comp.;;Tipo;Tipo documento;Docto.;Glosa;;;Perdida;;;Ganancia;;;Saldo;
21;;;Octubre;;12.697;;Traspaso;aFACTURA ELECTRONICA PROVEEDORES;5.215.944;FAEL/5215944/ANTONIO CASTILLO S.A.;;;53.773;;;;;;-53.773;
30;;;Octubre;;12.686;;Traspaso;aFACTURA ELECTRONICA PROVEEDORES;1.105;FAEL/1105/SERVICIOS DE VULCANIZACION SERVANDO FIGUEROA;;;28.000;;;;;;-81.773;
;;;;;;;;;;;;;;;;;;;;
Total 401010103 REPARACIONES  Y MANTENCION;;;;;;;;;;;;;81.773;;;;;;-81.773;
Cuenta;;;;;401010104 ELEMENTOS DE PROTECCION PERSONAL;;;;;;;;;;;;;;;
Dia;;;Mes;;Comp.;;Tipo;Tipo documento;Docto.;Glosa;;;Perdida;;;Ganancia;;;Saldo;
30;;;Noviembre;;13.564;;Traspaso;;0;BOTIQUIN;;;10.687;;;;;;-10.687;
;;;;;;;;;;;;;;;;;;;;
Total 401010104 ELEMENTOS DE PROTECCION PERSONAL;;;;;;;;;;;;;10.687;;;;;;-10.687;
Cuenta;;;;;401010115 POLIZA DE SEGURO;;;;;;;;;;;;;;;
Dia;;;Mes;;Comp.;;Tipo;Tipo documento;Docto.;Glosa;;;Perdida;;;Ganancia;;;Saldo;
1;;;Octubre;;12.496;;Traspaso;aFACTURA ELECTRONICA PROVEEDORES;8.020.176;FAEL/8020176/Seguros Generales Suramericana Sa;;;97.276;;;;;;-97.276;
7;;;Noviembre;;13.110;;Traspaso;aFACTURA ELECTRONICA PROVEEDORES;8.058.060;FAEL/8058060/Seguros Generales Suramericana Sa;;;97.615;;;;;;-194.891;
19;;;Diciembre;;13.625;;Traspaso;aFACTURA ELECTRONICA PROVEEDORES;8.082.291;FAEL/8082291/Seguros Generales Suramericana Sa;;;97.665;;;;;;-292.556;
;;;;;;;;;;;;;;;;;;;;
Total 401010115 POLIZA DE SEGURO;;;;;;;;;;;;;292.556;;;;;;-292.556;
;;;;;;;;;;;;;;;;;;;;
Total 3010100007 C-19 MITSUBISHI L200 RCZX21;;;;;;;;;;;;;1.520.116;;;;;;-292.556;
;;;;;;;;;;;;;;;;;;;;
C.Costo;;;;;3010100008 C-20 MITSUBISHI L200 RCZX23;;;;;;;;;;;;;;;
Cuenta;;;;;401010101 COMBUSTIBLES;;;;;;;;;;;;;;;
Dia;;;Mes;;Comp.;;Tipo;Tipo documento;Docto.;Glosa;;;Perdida;;;Ganancia;;;Saldo;
6;;;Octubre;;12.149;;Traspaso;aFACTURA ELECTRONICA PROVEEDORES;29.439.949;FAEL/29439949/Copec S.a;;;38.569;;;;;;-38.569;
6;;;Octubre;;12.149;;Traspaso;aFACTURA ELECTRONICA PROVEEDORES;29.439.949;FAEL/29439949/Copec S.a;;;4.493;;;;;;-43.062;
20;;;Octubre;;12.679;;Traspaso;FACTURA ELECTRONICA DE PETROLEO;29.454.571;FPE/29454571/Copec S.a;;;52.849;;;;;;-95.911;
31;;;Octubre;;12.770;;Traspaso;FACTURA ELECTRONICA DE PETROLEO;3.788.015;FPE/3788015/Empresa Nacional De Energia Enex S.a;;;137.428;;;;;;-233.339;
31;;;Octubre;;12.813;;Traspaso;;0;DIESEL;;;47.685;;;;;;-281.024;
31;;;Octubre;;12.813;;Traspaso;;0;DIESEL;;;50.396;;;;;;-331.420;
31;;;Octubre;;12.813;;Traspaso;;0;DIESEL;;;33.813;;;;;;-365.233;
31;;;Octubre;;12.813;;Traspaso;;0;DIESEL;;;28.356;;;;;;-393.589;
31;;;Octubre;;12.813;;Traspaso;;0;DIESEL;;;44.202;;;;;;-437.791;
31;;;Octubre;;12.813;;Traspaso;;0;DIESEL;;;48.990;;;;;;-486.781;
30;;;Noviembre;;13.562;;Traspaso;;0;DIESEL;;;59.423;;;;;;-546.204;
30;;;Noviembre;;13.562;;Traspaso;;0;DIESEL;;;56.576;;;;;;-602.780;
30;;;Noviembre;;13.562;;Traspaso;;0;DIESEL;;;46.684;;;;;;-649.464;
30;;;Noviembre;;13.562;;Traspaso;;0;DIESEL;;;28.677;;;;;;-678.141;
30;;;Noviembre;;13.562;;Traspaso;;0;DIESEL;;;45.002;;;;;;-723.143;
;;;;;;;;;;;;;;;;;;;;
Total 401010101 COMBUSTIBLES;;;;;;;;;;;;;723.143;;;;;;-723.143;
Obra;;;;;30101 VEHICULOS DE OPERACIONES;;;;;;;;;;;;;;;
Cuenta;;;;;401010102 REPUESTOS Y ACCESORIOS;;;;;;;;;;;;;;;
Dia;;;Mes;;Comp.;;Tipo;Tipo documento;Docto.;Glosa;;;Perdida;;;Ganancia;;;Saldo;
30;;;Octubre;;12.553;;Traspaso;aFACTURA ELECTRONICA PROVEEDORES;13.241;PERNOS CTA RCZX23;;;2.454;;;;;;-2.454;
31;;;Octubre;;12.815;;Traspaso;;0;FILTRO L200 COMBUSTIBLE (2016-2019);;;8.589;;;;;;-11.043;
31;;;Octubre;;12.815;;Traspaso;;0;AMPOLLETA H4 24V;;;6.544;;;;;;-17.587;
31;;;Octubre;;12.815;;Traspaso;;0;REFRIGERANTE TAMBOR;;;17.850;;;;;;-35.437;
31;;;Octubre;;12.815;;Traspaso;;0;ACEITE 5W30 TAMBOR;;;50.584;;;;;;-86.021;
31;;;Octubre;;12.815;;Traspaso;;0;ESLINGA;;;51.428;;;;;;-137.449;
31;;;Octubre;;12.815;;Traspaso;;0;PASTILLAS DE FRENO L200 2018;;;25.210;;;;;;-162.659;
31;;;Octubre;;12.815;;Traspaso;;0;LIMPIADOR DE FRENO DE 500ML;;;4.766;;;;;;-167.425;
31;;;Octubre;;12.815;;Traspaso;;0;TENSOR CORREA L200;;;54.202;;;;;;-221.627;
31;;;Octubre;;12.815;;Traspaso;;0;POLEA L200;;;33.704;;;;;;-255.331;
31;;;Octubre;;12.815;;Traspaso;;0;FILTRO L200 ACEITE MITSUBISHI (2011-2019);;;3.276;;;;;;-258.607;
31;;;Octubre;;12.815;;Traspaso;;0;FILTRO L200 AIRE MITSUBISHI(2016-2019);;;6.554;;;;;;-265.161;
31;;;Octubre;;12.815;;Traspaso;;0;FILTRO L200 A/C;;;2.353;;;;;;-267.514;
31;;;Octubre;;12.815;;Traspaso;;0;CORREA A/C L200;;;12.387;;;;;;-279.901;
31;;;Octubre;;12.815;;Traspaso;;0;CORREA ALTERNADOR L200;;;16.810;;;;;;-296.711;
31;;;Octubre;;12.815;;Traspaso;;0;AMPOLLETA GLOBO 12VOL NARANJA;;;751;;;;;;-297.462;
31;;;Octubre;;12.815;;Traspaso;;0;SPRAY NEGRO;;;3.281;;;;;;-300.743;
12;;;Noviembre;;12.727;;Traspaso;aFACTURA ELECTRONICA PROVEEDORES;2.176;PORTA TIRO CARRO CTA RCZX23;;;23.529;;;;;;-324.272;
20;;;Noviembre;;12.793;;Traspaso;aFACTURA ELECTRONICA PROVEEDORES;1.713;PISO GOMA CTA RCZX23 LEO LEAL;;;8.403;;;;;;-332.675;
30;;;Noviembre;;13.564;;Traspaso;;0;ACEITE 5W30 TAMBOR;;;50.328;;;;;;-383.003;
30;;;Noviembre;;13.564;;Traspaso;;0;FILTRO L200 COMBUSTIBLE (2016-2019);;;8.589;;;;;;-391.592;
30;;;Noviembre;;13.564;;Traspaso;;0;FILTRO L200 ACEITE MITSUBISHI (2011-2019);;;2.941;;;;;;-394.533;
30;;;Noviembre;;13.564;;Traspaso;;0;FILTRO L200 AIRE MITSUBISHI(2016-2019);;;6.554;;;;;;-401.087;
30;;;Noviembre;;13.564;;Traspaso;;0;FILTRO L200 A/C;;;2.353;;;;;;-403.440;
;;;;;;;;;;;;;;;;;;;;
Total 401010102 REPUESTOS Y ACCESORIOS;;;;;;;;;;;;;403.440;;;;;;-403.440;
Cuenta;;;;;401010103 REPARACIONES  Y MANTENCION;;;;;;;;;;;;;;;
Dia;;;Mes;;Comp.;;Tipo;Tipo documento;Docto.;Glosa;;;Perdida;;;Ganancia;;;Saldo;
8;;;Octubre;;12.030;;Traspaso;aFACTURA ELECTRONICA PROVEEDORES;47;FX 47 SOLDADORA BARRA TIRO RCZX23;;;39.500;;;;;;-39.500;
31;;;Diciembre;;13.846;;Traspaso;aFACTURA ELECTRONICA PROVEEDORES;5.269.791;FAEL/5269791/ANTONIO CASTILLO S.A.;;;53.773;;;;;;-93.273;
;;;;;;;;;;;;;;;;;;;;
Total 401010103 REPARACIONES  Y MANTENCION;;;;;;;;;;;;;93.273;;;;;;-93.273;
Cuenta;;;;;401010104 ELEMENTOS DE PROTECCION PERSONAL;;;;;;;;;;;;;;;
Dia;;;Mes;;Comp.;;Tipo;Tipo documento;Docto.;Glosa;;;Perdida;;;Ganancia;;;Saldo;
30;;;Noviembre;;13.564;;Traspaso;;0;BOTIQUIN;;;10.687;;;;;;-10.687;
;;;;;;;;;;;;;;;;;;;;
Total 401010104 ELEMENTOS DE PROTECCION PERSONAL;;;;;;;;;;;;;10.687;;;;;;-10.687;
Cuenta;;;;;401010105 PEAJES Y TRANSBORDADOR;;;;;;;;;;;;;;;
Dia;;;Mes;;Comp.;;Tipo;Tipo documento;Docto.;Glosa;;;Perdida;;;Ganancia;;;Saldo;
8;;;Octubre;;12.032;;Traspaso;;167.564;PEAJES CURICO STGO;;;32.400;;;;;;-32.400;
27;;;Octubre;;12.310;;Traspaso;;4.157;6 PEAJES  VIAJE PTO.MONTT LEO LEAL CTA RCZX23;;;16.200;;;;;;-48.600;
27;;;Octubre;;12.310;;Traspaso;;4.212;7 PEAJES VIAJE PTO MONTT LEO LEAL DIA 17 OCT  CTA RCZX-23;;;16.900;;;;;;-65.500;
30;;;Octubre;;12.543;;Traspaso;;4.243;4 PEAJES PTO MONTT LEO LEAL 27 OCT;;;14.000;;;;;;-79.500;
30;;;Octubre;;12.561;;Traspaso;;13.576;PAGO DE TAG VIAJE LEO LEAL A CURICO - DOÑIHUE -  RANCAGUA;;;33.350;;;;;;-112.850;
13;;;Noviembre;;12.766;;Traspaso;;14.965.839;PAGO TG CTA RCZX23 VIAJE LEO LEAL RANCAGUA;;;12.000;;;;;;-124.850;
31;;;Diciembre;;13.859;;Traspaso;;9.453;5 PEAJES LEO LEAL VIAJE OSORNO CTA RCZX23;;;14.900;;;;;;-139.750;
;;;;;;;;;;;;;;;;;;;;
Total 401010105 PEAJES Y TRANSBORDADOR;;;;;;;;;;;;;139.750;;;;;;-139.750;
Cuenta;;;;;401010112 ALIMENTACION;;;;;;;;;;;;;;;
Dia;;;Mes;;Comp.;;Tipo;Tipo documento;Docto.;Glosa;;;Perdida;;;Ganancia;;;Saldo;
8;;;Octubre;;12.032;;Traspaso;;589.152.865;4 BOLETAS ALIMENTACION LEO VIAJE CURICO STGO;;;22.320;;;;;;-22.320;
27;;;Octubre;;12.310;;Traspaso;;301.316.255;COLACION LEO LEAL PTO.MONTT;;;7.000;;;;;;-29.320;
;;;;;;;;;;;;;;;;;;;;
Total 401010112 ALIMENTACION;;;;;;;;;;;;;29.320;;;;;;-29.320;
Obra;;;;;30101 VEHICULOS DE OPERACIONES;;;;;;;;;;;;;;;
Cuenta;;;;;401010115 POLIZA DE SEGURO;;;;;;;;;;;;;;;
Dia;;;Mes;;Comp.;;Tipo;Tipo documento;Docto.;Glosa;;;Perdida;;;Ganancia;;;Saldo;
1;;;Octubre;;12.496;;Traspaso;aFACTURA ELECTRONICA PROVEEDORES;8.020.176;FAEL/8020176/Seguros Generales Suramericana Sa;;;97.276;;;;;;-97.276;
7;;;Noviembre;;13.110;;Traspaso;aFACTURA ELECTRONICA PROVEEDORES;8.058.060;FAEL/8058060/Seguros Generales Suramericana Sa;;;97.615;;;;;;-194.891;
19;;;Diciembre;;13.625;;Traspaso;aFACTURA ELECTRONICA PROVEEDORES;8.082.291;FAEL/8082291/Seguros Generales Suramericana Sa;;;97.665;;;;;;-292.556;
;;;;;;;;;;;;;;;;;;;;
Total 401010115 POLIZA DE SEGURO;;;;;;;;;;;;;292.556;;;;;;-292.556;
;;;;;;;;;;;;;;;;;;;;
Total 3010100008 C-20 MITSUBISHI L200 RCZX23;;;;;;;;;;;;;1.692.169;;;;;;-292.556;
;;;;;;;;;;;;;;;;;;;;
C.Costo;;;;;3010100009 C-22 MITSUBISHI L200 RCZX28;;;;;;;;;;;;;;;
Cuenta;;;;;301010102 INGRESOS ARRIENDO VEHICULOS MENORES;;;;;;;;;;;;;;;
Dia;;;Mes;;Comp.;;Tipo;Tipo documento;Docto.;Glosa;;;Perdida;;;Ganancia;;;Saldo;
12;;;Noviembre;;12.756;;Traspaso;FACTURA ELECTRONICA CLIENTES;2.554;FECN/2554/FAMILIA CONSTRUCTORA SPA;;;;;;16.000;;;16.000;
;;;;;;;;;;;;;;;;;;;;
Total 301010102 INGRESOS ARRIENDO VEHICULOS MENORES;;;;;;;;;;;;;;;;16.000;;;16.000;
Cuenta;;;;;401010101 COMBUSTIBLES;;;;;;;;;;;;;;;
Dia;;;Mes;;Comp.;;Tipo;Tipo documento;Docto.;Glosa;;;Perdida;;;Ganancia;;;Saldo;
31;;;Diciembre;;13.783;;Traspaso;FACTURA ELECTRONICA DE PETROLEO;180.979;34 LTS DIESEL CTA RCZX28;;;23.749;;;;;;-23.749;
31;;;Diciembre;;13.783;;Traspaso;FACTURA ELECTRONICA DE PETROLEO;180.979;34 LTS DIESEL CTA RCZX28;;;4.740;;;;;;-28.489;
;;;;;;;;;;;;;;;;;;;;
Total 401010101 COMBUSTIBLES;;;;;;;;;;;;;28.489;;;;;;-28.489;
Cuenta;;;;;401010102 REPUESTOS Y ACCESORIOS;;;;;;;;;;;;;;;
Dia;;;Mes;;Comp.;;Tipo;Tipo documento;Docto.;Glosa;;;Perdida;;;Ganancia;;;Saldo;
30;;;Noviembre;;13.564;;Traspaso;;0;AMPOLLETA H11 12V;;;6.382;;;;;;-6.382;
;;;;;;;;;;;;;;;;;;;;
Total 401010102 REPUESTOS Y ACCESORIOS;;;;;;;;;;;;;6.382;;;;;;-6.382;
Cuenta;;;;;401010105 PEAJES Y TRANSBORDADOR;;;;;;;;;;;;;;;
Dia;;;Mes;;Comp.;;Tipo;Tipo documento;Docto.;Glosa;;;Perdida;;;Ganancia;;;Saldo;
6;;;Noviembre;;1.367;;Egreso;;0;BOLETA 9119900;;;7.800;;;;;;-7.800;
18;;;Diciembre;;13.577;;Traspaso;;9.003;PEAJE VIAJE CONCEPCION DANILO BASUALTO CTA RCZX28;;;4.000;;;;;;-11.800;
31;;;Diciembre;;13.784;;Traspaso;;4.311;8 PEAJES VIAJE A CONCEPCION;;;24.600;;;;;;-36.400;
;;;;;;;;;;;;;;;;;;;;
Total 401010105 PEAJES Y TRANSBORDADOR;;;;;;;;;;;;;36.400;;;;;;-36.400;
Cuenta;;;;;401010112 ALIMENTACION;;;;;;;;;;;;;;;
Dia;;;Mes;;Comp.;;Tipo;Tipo documento;Docto.;Glosa;;;Perdida;;;Ganancia;;;Saldo;
31;;;Diciembre;;13.784;;Traspaso;;603.364.548;COLACION;;;5.270;;;;;;-5.270;
;;;;;;;;;;;;;;;;;;;;
Total 401010112 ALIMENTACION;;;;;;;;;;;;;5.270;;;;;;-5.270;
Cuenta;;;;;401010117 REVISION TECNICA;;;;;;;;;;;;;;;
Dia;;;Mes;;Comp.;;Tipo;Tipo documento;Docto.;Glosa;;;Perdida;;;Ganancia;;;Saldo;
31;;;Diciembre;;13.796;;Traspaso;aFACTURA ELECTRONICA PROVEEDORES;265.413;REV.TECNICA CTA RCZX28;;;10.294;;;;;;-10.294;
;;;;;;;;;;;;;;;;;;;;
Total 401010117 REVISION TECNICA;;;;;;;;;;;;;10.294;;;;;;-10.294;
Cuenta;;;;;401030107 OTROS GASTOS;;;;;;;;;;;;;;;
Dia;;;Mes;;Comp.;;Tipo;Tipo documento;Docto.;Glosa;;;Perdida;;;Ganancia;;;Saldo;
31;;;Diciembre;;13.806;;Traspaso;;8.005;VALE REV.TECNICA CTA RCZX28;;;30.000;;;;;;-30.000;
;;;;;;;;;;;;;;;;;;;;
Total 401030107 OTROS GASTOS;;;;;;;;;;;;;30.000;;;;;;-30.000;
;;;;;;;;;;;;;;;;;;;;
Total 3010100009 C-22 MITSUBISHI L200 RCZX28;;;;;;;;;;;;;116.835;;;16.000;;;-30.000;
;;;;;;;;;;;;;;;;;;;;
C.Costo;;;;;3010100010 C-14 MITSUBISHI KPGT71;;;;;;;;;;;;;;;
Cuenta;;;;;401010101 COMBUSTIBLES;;;;;;;;;;;;;;;
Dia;;;Mes;;Comp.;;Tipo;Tipo documento;Docto.;Glosa;;;Perdida;;;Ganancia;;;Saldo;
30;;;Noviembre;;13.562;;Traspaso;;0;DIESEL;;;41.712;;;;;;-41.712;
30;;;Noviembre;;13.562;;Traspaso;;0;DIESEL;;;46.852;;;;;;-88.564;
30;;;Noviembre;;13.562;;Traspaso;;0;DIESEL;;;24.570;;;;;;-113.134;
;;;;;;;;;;;;;;;;;;;;
Total 401010101 COMBUSTIBLES;;;;;;;;;;;;;113.134;;;;;;-113.134;
Obra;;;;;30101 VEHICULOS DE OPERACIONES;;;;;;;;;;;;;;;
Cuenta;;;;;401010102 REPUESTOS Y ACCESORIOS;;;;;;;;;;;;;;;
Dia;;;Mes;;Comp.;;Tipo;Tipo documento;Docto.;Glosa;;;Perdida;;;Ganancia;;;Saldo;
31;;;Octubre;;12.815;;Traspaso;;0;BROCHA 2 PULGADA;;;2.728;;;;;;-2.728;
31;;;Octubre;;12.815;;Traspaso;;0;TUERCAS;;;4.644;;;;;;-7.372;
31;;;Octubre;;12.815;;Traspaso;;0;BALANCIN ADMISION L200;;;227.396;;;;;;-234.768;
31;;;Octubre;;12.815;;Traspaso;;0;KIT DISTRIBUCION L200;;;123.529;;;;;;-358.297;
31;;;Octubre;;12.815;;Traspaso;;0;TAPA DISTRIBUCION CON BOMBA DE ACEITE L200;;;204.202;;;;;;-562.499;
31;;;Octubre;;12.815;;Traspaso;;0;EJE DE LEVAS DE ESCAPE L200;;;142.849;;;;;;-705.348;
31;;;Octubre;;12.815;;Traspaso;;0;ESPARRAGOS;;;9.748;;;;;;-715.096;
31;;;Octubre;;12.815;;Traspaso;;0;ROTULA SUPERIOR L200 2018;;;57.482;;;;;;-772.578;
28;;;Noviembre;;13.195;;Traspaso;aFACTURA ELECTRONICA PROVEEDORES;13.618;ABRAZADERAS CTA KPGT71;;;3.697;;;;;;-776.275;
30;;;Noviembre;;13.564;;Traspaso;;0;FILTRO L200 A/C;;;2.353;;;;;;-778.628;
30;;;Noviembre;;13.564;;Traspaso;;0;CORREA A/C L200;;;28.004;;;;;;-806.632;
30;;;Noviembre;;13.564;;Traspaso;;0;CORREA A/C L200;;;18.807;;;;;;-825.439;
30;;;Noviembre;;13.564;;Traspaso;;0;RODAMIENTO EMBRAGUE HIDRAULICO L200 2018;;;38.908;;;;;;-864.347;
30;;;Noviembre;;13.564;;Traspaso;;0;EMPAQUETADURA DE TAPA MOTOR DIESEL 4.7HP MOTOR T50;;;1.101;;;;;;-865.448;
30;;;Noviembre;;13.564;;Traspaso;;0;LIQUIDO LIMPIA PARABRISA;;;828;;;;;;-866.276;
30;;;Noviembre;;13.564;;Traspaso;;0;AMPOLLETA H7 12V;;;3.969;;;;;;-870.245;
30;;;Noviembre;;13.564;;Traspaso;;0;REFRIGERANTE TAMBOR;;;2.550;;;;;;-872.795;
30;;;Noviembre;;13.564;;Traspaso;;0;ACEITE 5W30 TAMBOR;;;50.584;;;;;;-923.379;
30;;;Noviembre;;13.564;;Traspaso;;0;ACEITE 5W30 TAMBOR;;;50.584;;;;;;-973.963;
30;;;Noviembre;;13.564;;Traspaso;;0;FILTRO L200 COMBUSTIBLE (2016-2019);;;8.589;;;;;;-982.552;
30;;;Noviembre;;13.564;;Traspaso;;0;FILTRO L200 ACEITE MITSUBISHI (2011-2019);;;2.941;;;;;;-985.493;
30;;;Noviembre;;13.564;;Traspaso;;0;FILTRO L200 AIRE MITSUBISHI(2016-2019);;;6.554;;;;;;-992.047;
30;;;Noviembre;;13.564;;Traspaso;;0;ABRAZADERA ALTA PRESION 64-67;;;3.645;;;;;;-995.692;
30;;;Noviembre;;13.564;;Traspaso;;0;ADHESIVOS CAMIONETAS (LOGO HARCHA);;;12.642;;;;;;-1.008.334;
30;;;Noviembre;;13.564;;Traspaso;;0;FILTRO DONALDSON P551424;;;26.215;;;;;;-1.034.549;
;;;;;;;;;;;;;;;;;;;;
Total 401010102 REPUESTOS Y ACCESORIOS;;;;;;;;;;;;;1.034.549;;;;;;-1.034.549;
Cuenta;;;;;401010103 REPARACIONES  Y MANTENCION;;;;;;;;;;;;;;;
Dia;;;Mes;;Comp.;;Tipo;Tipo documento;Docto.;Glosa;;;Perdida;;;Ganancia;;;Saldo;
30;;;Octubre;;12.683;;Traspaso;aFACTURA ELECTRONICA PROVEEDORES;960;FAEL/960/Madesa;;;165.000;;;;;;-165.000;
30;;;Noviembre;;13.095;;Traspaso;aFACTURA ELECTRONICA PROVEEDORES;133;FAEL/133/ZONA FRIO AUTOMOTRIZ SPA;;;94.800;;;;;;-259.800;
;;;;;;;;;;;;;;;;;;;;
Total 401010103 REPARACIONES  Y MANTENCION;;;;;;;;;;;;;259.800;;;;;;-259.800;
Cuenta;;;;;401010104 ELEMENTOS DE PROTECCION PERSONAL;;;;;;;;;;;;;;;
Dia;;;Mes;;Comp.;;Tipo;Tipo documento;Docto.;Glosa;;;Perdida;;;Ganancia;;;Saldo;
30;;;Noviembre;;13.564;;Traspaso;;0;BOTIQUIN;;;10.687;;;;;;-10.687;
30;;;Noviembre;;13.564;;Traspaso;;0;CHALECO GEOLOGO TALLA 3XL;;;8.403;;;;;;-19.090;
;;;;;;;;;;;;;;;;;;;;
Total 401010104 ELEMENTOS DE PROTECCION PERSONAL;;;;;;;;;;;;;19.090;;;;;;-19.090;
Cuenta;;;;;401010105 PEAJES Y TRANSBORDADOR;;;;;;;;;;;;;;;
Dia;;;Mes;;Comp.;;Tipo;Tipo documento;Docto.;Glosa;;;Perdida;;;Ganancia;;;Saldo;
28;;;Noviembre;;13.199;;Traspaso;;1.212;3 PEAJES CTA KPGT-71;;;7.900;;;;;;-7.900;
;;;;;;;;;;;;;;;;;;;;
Total 401010105 PEAJES Y TRANSBORDADOR;;;;;;;;;;;;;7.900;;;;;;-7.900;
Cuenta;;;;;401010115 POLIZA DE SEGURO;;;;;;;;;;;;;;;
Dia;;;Mes;;Comp.;;Tipo;Tipo documento;Docto.;Glosa;;;Perdida;;;Ganancia;;;Saldo;
1;;;Octubre;;12.496;;Traspaso;aFACTURA ELECTRONICA PROVEEDORES;8.020.176;FAEL/8020176/Seguros Generales Suramericana Sa;;;83.053;;;;;;-83.053;
7;;;Noviembre;;13.110;;Traspaso;aFACTURA ELECTRONICA PROVEEDORES;8.058.060;FAEL/8058060/Seguros Generales Suramericana Sa;;;83.342;;;;;;-166.395;
19;;;Diciembre;;13.625;;Traspaso;aFACTURA ELECTRONICA PROVEEDORES;8.082.291;FAEL/8082291/Seguros Generales Suramericana Sa;;;83.385;;;;;;-249.780;
;;;;;;;;;;;;;;;;;;;;
Total 401010115 POLIZA DE SEGURO;;;;;;;;;;;;;249.780;;;;;;-249.780;
Cuenta;;;;;401020107 CORRESPONDENCIA;;;;;;;;;;;;;;;
Dia;;;Mes;;Comp.;;Tipo;Tipo documento;Docto.;Glosa;;;Perdida;;;Ganancia;;;Saldo;
30;;;Octubre;;12.505;;Traspaso;aFACTURA ELECTRONICA PROVEEDORES;13.124.318;ENCOMIENDA CTA KPGT71;;;5.714;;;;;;-5.714;
;;;;;;;;;;;;;;;;;;;;
Total 401020107 CORRESPONDENCIA;;;;;;;;;;;;;5.714;;;;;;-5.714;
;;;;;;;;;;;;;;;;;;;;
Total 3010100010 C-14 MITSUBISHI KPGT71;;;;;;;;;;;;;1.689.967;;;;;;-5.714;
Obra;;;;;30101 VEHICULOS DE OPERACIONES;;;;;;;;;;;;;;;
;;;;;;;;;;;;;;;;;;;;
C.Costo;;;;;3010100012 C-37 MAXUS 4654 SLCT28;;;;;;;;;;;;;;;
Cuenta;;;;;301010102 INGRESOS ARRIENDO VEHICULOS MENORES;;;;;;;;;;;;;;;
Dia;;;Mes;;Comp.;;Tipo;Tipo documento;Docto.;Glosa;;;Perdida;;;Ganancia;;;Saldo;
12;;;Noviembre;;12.756;;Traspaso;FACTURA ELECTRONICA CLIENTES;2.554;FECN/2554/FAMILIA CONSTRUCTORA SPA;;;;;;325.000;;;325.000;
;;;;;;;;;;;;;;;;;;;;
Total 301010102 INGRESOS ARRIENDO VEHICULOS MENORES;;;;;;;;;;;;;;;;325.000;;;325.000;
Cuenta;;;;;401010101 COMBUSTIBLES;;;;;;;;;;;;;;;
Dia;;;Mes;;Comp.;;Tipo;Tipo documento;Docto.;Glosa;;;Perdida;;;Ganancia;;;Saldo;
31;;;Octubre;;12.813;;Traspaso;;0;DIESEL;;;56.232;;;;;;-56.232;
31;;;Octubre;;12.813;;Traspaso;;0;DIESEL;;;28.542;;;;;;-84.774;
31;;;Octubre;;12.813;;Traspaso;;0;DIESEL;;;46.008;;;;;;-130.782;
31;;;Octubre;;12.813;;Traspaso;;0;DIESEL;;;60.882;;;;;;-191.664;
31;;;Octubre;;12.813;;Traspaso;;0;DIESEL;;;39.195;;;;;;-230.859;
31;;;Octubre;;12.813;;Traspaso;;0;DIESEL;;;51.153;;;;;;-282.012;
31;;;Octubre;;12.813;;Traspaso;;0;DIESEL;;;52.216;;;;;;-334.228;
31;;;Octubre;;12.813;;Traspaso;;0;DIESEL;;;33.777;;;;;;-368.005;
31;;;Octubre;;12.813;;Traspaso;;0;DIESEL;;;11.271;;;;;;-379.276;
31;;;Octubre;;12.813;;Traspaso;;0;DIESEL;;;52.020;;;;;;-431.296;
31;;;Octubre;;12.813;;Traspaso;;0;DIESEL;;;25.020;;;;;;-456.316;
31;;;Octubre;;12.813;;Traspaso;;0;DIESEL;;;25.680;;;;;;-481.996;
30;;;Noviembre;;13.562;;Traspaso;;0;DIESEL;;;38.220;;;;;;-520.216;
30;;;Noviembre;;13.562;;Traspaso;;0;DIESEL;;;22.750;;;;;;-542.966;
30;;;Noviembre;;13.562;;Traspaso;;0;DIESEL;;;58.432;;;;;;-601.398;
30;;;Noviembre;;13.562;;Traspaso;;0;DIESEL;;;49.764;;;;;;-651.162;
30;;;Noviembre;;13.562;;Traspaso;;0;DIESEL;;;46.057;;;;;;-697.219;
30;;;Noviembre;;13.562;;Traspaso;;0;DIESEL;;;59.961;;;;;;-757.180;
30;;;Noviembre;;13.562;;Traspaso;;0;DIESEL;;;42.900;;;;;;-800.080;
30;;;Noviembre;;13.562;;Traspaso;;0;DIESEL;;;49.764;;;;;;-849.844;
;;;;;;;;;;;;;;;;;;;;
Total 401010101 COMBUSTIBLES;;;;;;;;;;;;;849.844;;;;;;-849.844;
Cuenta;;;;;401010102 REPUESTOS Y ACCESORIOS;;;;;;;;;;;;;;;
Dia;;;Mes;;Comp.;;Tipo;Tipo documento;Docto.;Glosa;;;Perdida;;;Ganancia;;;Saldo;
31;;;Octubre;;12.815;;Traspaso;;0;PLUMILLA PARA PARABRISA 18;;;7.186;;;;;;-7.186;
31;;;Octubre;;12.815;;Traspaso;;0;PLUMILLA PARA PARABRISA 24;;;8.257;;;;;;-15.443;
30;;;Noviembre;;13.564;;Traspaso;;0;FILTRO MAXUS ACEITE;;;7.106;;;;;;-22.549;
30;;;Noviembre;;13.564;;Traspaso;;0;FILTRO MAXUS COMBUSTIBLE;;;10.563;;;;;;-33.112;
30;;;Noviembre;;13.564;;Traspaso;;0;FILTRO MAXUS AIRE;;;3.521;;;;;;-36.633;
30;;;Noviembre;;13.564;;Traspaso;;0;FILTRO MAXUS POLEN;;;2.898;;;;;;-39.531;
30;;;Noviembre;;13.564;;Traspaso;;0;AMORTIGUADOR TRASERO MAXUS;;;100.840;;;;;;-140.371;
30;;;Noviembre;;13.564;;Traspaso;;0;BUJE PAQUETE RESORTE MAXUS;;;30.256;;;;;;-170.627;
30;;;Noviembre;;13.564;;Traspaso;;0;BALIZA ESTROBOSCOPICA 12 Y 24 V;;;18.044;;;;;;-188.671;
30;;;Noviembre;;13.564;;Traspaso;;0;ACEITE 5W30 TAMBOR;;;50.584;;;;;;-239.255;
;;;;;;;;;;;;;;;;;;;;
Total 401010102 REPUESTOS Y ACCESORIOS;;;;;;;;;;;;;239.255;;;;;;-239.255;
Cuenta;;;;;401010103 REPARACIONES  Y MANTENCION;;;;;;;;;;;;;;;
Dia;;;Mes;;Comp.;;Tipo;Tipo documento;Docto.;Glosa;;;Perdida;;;Ganancia;;;Saldo;
15;;;Diciembre;;13.468;;Traspaso;aFACTURA ELECTRONICA PROVEEDORES;1.222;FAEL/1222/JUAN FERNANDO MONSALVE GAJARDO;;;15.000;;;;;;-15.000;
;;;;;;;;;;;;;;;;;;;;
Total 401010103 REPARACIONES  Y MANTENCION;;;;;;;;;;;;;15.000;;;;;;-15.000;
Cuenta;;;;;401010104 ELEMENTOS DE PROTECCION PERSONAL;;;;;;;;;;;;;;;
Dia;;;Mes;;Comp.;;Tipo;Tipo documento;Docto.;Glosa;;;Perdida;;;Ganancia;;;Saldo;
30;;;Noviembre;;13.564;;Traspaso;;0;BOTIQUIN;;;10.687;;;;;;-10.687;
;;;;;;;;;;;;;;;;;;;;
Total 401010104 ELEMENTOS DE PROTECCION PERSONAL;;;;;;;;;;;;;10.687;;;;;;-10.687;
Obra;;;;;30101 VEHICULOS DE OPERACIONES;;;;;;;;;;;;;;;
Cuenta;;;;;401010105 PEAJES Y TRANSBORDADOR;;;;;;;;;;;;;;;
Dia;;;Mes;;Comp.;;Tipo;Tipo documento;Docto.;Glosa;;;Perdida;;;Ganancia;;;Saldo;
6;;;Octubre;;12.522;;Traspaso;aFACTURA ELECTRONICA PROVEEDORES;4.593.597;FAEL/4593597/Sociedad Concesionaria Vespucio Norte Express S.A.;;;430;;;;;;-430;
3;;;Noviembre;;13.113;;Traspaso;aFACTURA ELECTRONICA PROVEEDORES;12.317.092;FAEL/12317092/SOC CONCESIONARIA AUTOPISTA CENTRAL;;;662;;;;;;-1.092;
31;;;Diciembre;;13.757;;Traspaso;aFACTURA ELECTRONICA PROVEEDORES;12.537.215;FAEL/12537215/SOC CONCESIONARIA AUTOPISTA CENTRAL;;;584;;;;;;-1.676;
31;;;Diciembre;;13.757;;Traspaso;aFACTURA ELECTRONICA PROVEEDORES;12.537.215;FAEL/12537215/SOC CONCESIONARIA AUTOPISTA CENTRAL;;;109;;;;;;-1.785;
31;;;Diciembre;;13.758;;Traspaso;aFACTURA ELECTRONICA PROVEEDORES;4.690.291;FAEL/4690291/Sociedad Concesionaria Vespucio Norte Express S.A.;;;777;;;;;;-2.562;
;;;;;;;;;;;;;;;;;;;;
Total 401010105 PEAJES Y TRANSBORDADOR;;;;;;;;;;;;;2.562;;;;;;-2.562;
Cuenta;;;;;401010112 ALIMENTACION;;;;;;;;;;;;;;;
Dia;;;Mes;;Comp.;;Tipo;Tipo documento;Docto.;Glosa;;;Perdida;;;Ganancia;;;Saldo;
10;;;Diciembre;;13.337;;Traspaso;;48.099;COLACION ALBERTO OLIVARES;;;7.000;;;;;;-7.000;
;;;;;;;;;;;;;;;;;;;;
Total 401010112 ALIMENTACION;;;;;;;;;;;;;7.000;;;;;;-7.000;
Cuenta;;;;;401010117 REVISION TECNICA;;;;;;;;;;;;;;;
Dia;;;Mes;;Comp.;;Tipo;Tipo documento;Docto.;Glosa;;;Perdida;;;Ganancia;;;Saldo;
10;;;Diciembre;;13.337;;Traspaso;;1.089.624;REV.TECNICA CTA SLCT28;;;12.250;;;;;;-12.250;
;;;;;;;;;;;;;;;;;;;;
Total 401010117 REVISION TECNICA;;;;;;;;;;;;;12.250;;;;;;-12.250;
Cuenta;;;;;401010119 CUOTAS LEASING;;;;;;;;;;;;;;;
Dia;;;Mes;;Comp.;;Tipo;Tipo documento;Docto.;Glosa;;;Perdida;;;Ganancia;;;Saldo;
3;;;Noviembre;;13.062;;Traspaso;aFACTURA ELECTRONICA PROVEEDORES;53.611.337;FAEL/53611337/BANCO SANTANDER;;;1.194.155;;;;;;-1.194.155;
17;;;Diciembre;;13.548;;Traspaso;aFACTURA ELECTRONICA PROVEEDORES;53.945.116;FAEL/53945116/BANCO SANTANDER;;;597.078;;;;;;-1.791.233;
;;;;;;;;;;;;;;;;;;;;
Total 401010119 CUOTAS LEASING;;;;;;;;;;;;;1.791.233;;;;;;-1.791.233;
Cuenta;;;;;401030107 OTROS GASTOS;;;;;;;;;;;;;;;
Dia;;;Mes;;Comp.;;Tipo;Tipo documento;Docto.;Glosa;;;Perdida;;;Ganancia;;;Saldo;
10;;;Diciembre;;13.337;;Traspaso;;6.027;VALE REV.TECNICA CTA SLCT28;;;30.000;;;;;;-30.000;
;;;;;;;;;;;;;;;;;;;;
Total 401030107 OTROS GASTOS;;;;;;;;;;;;;30.000;;;;;;-30.000;
;;;;;;;;;;;;;;;;;;;;
Total 3010100012 C-37 MAXUS 4654 SLCT28;;;;;;;;;;;;;2.957.831;;;325.000;;;-30.000;
;;;;;;;;;;;;;;;;;;;;
C.Costo;;;;;3010100013 C-43 MITSUBISHI L200 STWW21;;;;;;;;;;;;;;;
Obra;;;;;30101 VEHICULOS DE OPERACIONES;;;;;;;;;;;;;;;
Cuenta;;;;;401010101 COMBUSTIBLES;;;;;;;;;;;;;;;
Dia;;;Mes;;Comp.;;Tipo;Tipo documento;Docto.;Glosa;;;Perdida;;;Ganancia;;;Saldo;
31;;;Octubre;;12.813;;Traspaso;;0;DIESEL;;;39.015;;;;;;-39.015;
31;;;Octubre;;12.813;;Traspaso;;0;DIESEL;;;23.112;;;;;;-62.127;
31;;;Octubre;;12.813;;Traspaso;;0;DIESEL;;;24.824;;;;;;-86.951;
31;;;Octubre;;12.813;;Traspaso;;0;DIESEL;;;35.017;;;;;;-121.968;
31;;;Octubre;;12.813;;Traspaso;;0;DIESEL;;;30.485;;;;;;-152.453;
31;;;Octubre;;12.813;;Traspaso;;0;DIESEL;;;19.223;;;;;;-171.676;
31;;;Octubre;;12.813;;Traspaso;;0;DIESEL;;;45.156;;;;;;-216.832;
31;;;Octubre;;12.813;;Traspaso;;0;DIESEL;;;41.616;;;;;;-258.448;
31;;;Octubre;;12.813;;Traspaso;;0;DIESEL;;;52.260;;;;;;-310.708;
31;;;Octubre;;12.813;;Traspaso;;0;DIESEL;;;21.851;;;;;;-332.559;
31;;;Octubre;;12.813;;Traspaso;;0;DIESEL;;;39.198;;;;;;-371.757;
31;;;Octubre;;12.813;;Traspaso;;0;DIESEL;;;48.372;;;;;;-420.129;
31;;;Octubre;;12.813;;Traspaso;;0;DIESEL;;;42.600;;;;;;-462.729;
31;;;Octubre;;12.813;;Traspaso;;0;DIESEL;;;20.448;;;;;;-483.177;
31;;;Octubre;;12.813;;Traspaso;;0;DIESEL;;;29.820;;;;;;-512.997;
31;;;Octubre;;12.813;;Traspaso;;0;DIESEL;;;17.381;;;;;;-530.378;
31;;;Octubre;;12.813;;Traspaso;;0;DIESEL;;;38.548;;;;;;-568.926;
28;;;Noviembre;;13.305;;Traspaso;;20.401;4 BOLETAS DIESEL 158 LTS;;;158.460;;;;;;-727.386;
30;;;Noviembre;;13.562;;Traspaso;;0;DIESEL;;;18.018;;;;;;-745.404;
30;;;Noviembre;;13.562;;Traspaso;;0;DIESEL;;;15.444;;;;;;-760.848;
30;;;Noviembre;;13.562;;Traspaso;;0;DIESEL;;;44.319;;;;;;-805.167;
30;;;Noviembre;;13.562;;Traspaso;;0;DIESEL;;;18.857;;;;;;-824.024;
30;;;Noviembre;;13.562;;Traspaso;;0;DIESEL;;;42.581;;;;;;-866.605;
30;;;Noviembre;;13.562;;Traspaso;;0;DIESEL;;;34.320;;;;;;-900.925;
30;;;Noviembre;;13.562;;Traspaso;;0;DIESEL;;;51.537;;;;;;-952.462;
30;;;Noviembre;;13.562;;Traspaso;;0;DIESEL;;;47.121;;;;;;-999.583;
17;;;Diciembre;;13.566;;Traspaso;;329.098;GASOLINA DIESEL CTA STWW21 TEMUCO;;;30.000;;;;;;-1.029.583;
;;;;;;;;;;;;;;;;;;;;
Total 401010101 COMBUSTIBLES;;;;;;;;;;;;;1.029.583;;;;;;-1.029.583;
Cuenta;;;;;401010102 REPUESTOS Y ACCESORIOS;;;;;;;;;;;;;;;
Dia;;;Mes;;Comp.;;Tipo;Tipo documento;Docto.;Glosa;;;Perdida;;;Ganancia;;;Saldo;
31;;;Octubre;;12.815;;Traspaso;;0;BOLSA DE PAÑOS;;;1.565;;;;;;-1.565;
31;;;Octubre;;12.815;;Traspaso;;0;LIMPIADOR DE FRENO DE 500ML;;;4.766;;;;;;-6.331;
31;;;Octubre;;12.815;;Traspaso;;0;ACEITE 75W80 BALDE (CAMIONETAS);;;49.392;;;;;;-55.723;
31;;;Octubre;;12.815;;Traspaso;;0;ACEITE 5W30 TAMBOR;;;50.584;;;;;;-106.307;
31;;;Octubre;;12.815;;Traspaso;;0;FILTRO L200 COMBUSTIBLE (2016-2019);;;8.589;;;;;;-114.896;
31;;;Octubre;;12.815;;Traspaso;;0;FILTRO L200 ACEITE MITSUBISHI (2011-2019);;;3.276;;;;;;-118.172;
31;;;Octubre;;12.815;;Traspaso;;0;FILTRO L200 AIRE MITSUBISHI(2016-2019);;;6.554;;;;;;-124.726;
31;;;Octubre;;12.815;;Traspaso;;0;ACEITE 80W90 LSD;;;20.895;;;;;;-145.621;
31;;;Octubre;;12.815;;Traspaso;;0;FILTRO L200 A/C;;;2.353;;;;;;-147.974;
30;;;Noviembre;;13.564;;Traspaso;;0;BALIZA ESTROBOSCOPICA 12 Y 24 V;;;18.044;;;;;;-166.018;
;;;;;;;;;;;;;;;;;;;;
Total 401010102 REPUESTOS Y ACCESORIOS;;;;;;;;;;;;;166.018;;;;;;-166.018;
Obra;;;;;30101 VEHICULOS DE OPERACIONES;;;;;;;;;;;;;;;
Cuenta;;;;;401010105 PEAJES Y TRANSBORDADOR;;;;;;;;;;;;;;;
Dia;;;Mes;;Comp.;;Tipo;Tipo documento;Docto.;Glosa;;;Perdida;;;Ganancia;;;Saldo;
1;;;Octubre;;12.518;;Traspaso;aFACTURA ELECTRONICA PROVEEDORES;5.897.563;FAEL/5897563/SOCIEDAD CONCESIONARIA NORTE S.A.;;;3.610;;;;;;-3.610;
1;;;Octubre;;12.498;;Traspaso;FACTURA EXENTA DE PROVEEDORES ELECTRONICA;1.531.771;FAEE/1531771/SOC CONCESIONARIA RUTA 5;;;24.800;;;;;;-28.410;
1;;;Octubre;;12.521;;Traspaso;FACTURA EXENTA DE PROVEEDORES ELECTRONICA;907.619;FAEE/907619/SOCIEDAD CONCESIONARIA VALLES DEL BIO BIO S.A.;;;7.200;;;;;;-35.610;
6;;;Octubre;;12.721;;Traspaso;FACTURA EXENTA DE PROVEEDORES ELECTRONICA;2.053.654;FAEE/2053654/OPERADORA DE SISTEMAS ELECTRONICOS SPA;;;6.288;;;;;;-41.898;
6;;;Octubre;;12.522;;Traspaso;aFACTURA ELECTRONICA PROVEEDORES;4.593.597;FAEL/4593597/Sociedad Concesionaria Vespucio Norte Express S.A.;;;430;;;;;;-42.328;
7;;;Octubre;;12.519;;Traspaso;FACTURA EXENTA DE PROVEEDORES ELECTRONICA;1.259.905;FAEE/1259905/SOCIEDAD CONCESIONARIA RUTA 5 CHILLAN S.A.;;;12.800;;;;;;-55.128;
11;;;Octubre;;12.723;;Traspaso;FACTURA EXENTA DE PROVEEDORES ELECTRONICA;7.406.805;FAEE/7406805/RUTA DEL MAIPO SOC CONC S.A.;;;14.800;;;;;;-69.928;
28;;;Noviembre;;13.305;;Traspaso;;7.632;7 PEAJES VIAJE SANTIAGO;;;18.900;;;;;;-88.828;
30;;;Noviembre;;13.242;;Traspaso;FACTURA EXENTA DE PROVEEDORES ELECTRONICA;1.619.480;FAEE/1619480/SOC CONCESIONARIA RUTA 5;;;12.400;;;;;;-101.228;
30;;;Noviembre;;13.244;;Traspaso;FACTURA EXENTA DE PROVEEDORES ELECTRONICA;14.217.238;FAEE/14217238/SOCIEDAD CONCESIONARIA AUTOPISTA NUEVA VESPUCIO SUR S.A.;;;1.029;;;;;;-102.257;
30;;;Noviembre;;13.240;;Traspaso;aFACTURA ELECTRONICA PROVEEDORES;12.433.943;FAEL/12433943/SOC CONCESIONARIA AUTOPISTA CENTRAL;;;4.578;;;;;;-106.835;
18;;;Diciembre;;13.595;;Traspaso;FACTURA EXENTA DE PROVEEDORES ELECTRONICA;7.512.843;FAEE/7512843/RUTA DEL MAIPO SOC CONC S.A.;;;14.800;;;;;;-121.635;
30;;;Diciembre;;13.750;;Traspaso;aFACTURA ELECTRONICA PROVEEDORES;6.025.785;FAEL/6025785/SOCIEDAD CONCESIONARIA NORTE S.A.;;;3.610;;;;;;-125.245;
31;;;Diciembre;;13.758;;Traspaso;aFACTURA ELECTRONICA PROVEEDORES;4.690.291;FAEL/4690291/Sociedad Concesionaria Vespucio Norte Express S.A.;;;379;;;;;;-125.624;
31;;;Diciembre;;13.758;;Traspaso;aFACTURA ELECTRONICA PROVEEDORES;4.690.291;FAEL/4690291/Sociedad Concesionaria Vespucio Norte Express S.A.;;;349;;;;;;-125.973;
31;;;Diciembre;;13.758;;Traspaso;aFACTURA ELECTRONICA PROVEEDORES;4.690.291;FAEL/4690291/Sociedad Concesionaria Vespucio Norte Express S.A.;;;777;;;;;;-126.750;
31;;;Diciembre;;13.758;;Traspaso;aFACTURA ELECTRONICA PROVEEDORES;4.690.291;FAEL/4690291/Sociedad Concesionaria Vespucio Norte Express S.A.;;;1.387;;;;;;-128.137;
31;;;Diciembre;;13.753;;Traspaso;FACTURA EXENTA DE PROVEEDORES ELECTRONICA;1.420.371;FAEE/1420371/SOCIEDAD CONCESIONARIA RUTA 5 CHILLAN S.A.;;;12.800;;;;;;-140.937;
;;;;;;;;;;;;;;;;;;;;
Total 401010105 PEAJES Y TRANSBORDADOR;;;;;;;;;;;;;140.937;;;;;;-140.937;
Cuenta;;;;;401010112 ALIMENTACION;;;;;;;;;;;;;;;
Dia;;;Mes;;Comp.;;Tipo;Tipo documento;Docto.;Glosa;;;Perdida;;;Ganancia;;;Saldo;
28;;;Noviembre;;13.305;;Traspaso;;593.691.564;2 BOLETAS COLACIONSANTIAGO;;;38.160;;;;;;-38.160;
;;;;;;;;;;;;;;;;;;;;
Total 401010112 ALIMENTACION;;;;;;;;;;;;;38.160;;;;;;-38.160;
Cuenta;;;;;401010114 SERVICIOS PENSION Y HOSPEDAJE;;;;;;;;;;;;;;;
Dia;;;Mes;;Comp.;;Tipo;Tipo documento;Docto.;Glosa;;;Perdida;;;Ganancia;;;Saldo;
28;;;Noviembre;;13.303;;Traspaso;aFACTURA ELECTRONICA PROVEEDORES;1.513;ALOJAMIENTO;;;39.496;;;;;;-39.496;
28;;;Noviembre;;13.304;;Traspaso;aFACTURA ELECTRONICA PROVEEDORES;2.682;ALOJAMIENTO;;;80.672;;;;;;-120.168;
;;;;;;;;;;;;;;;;;;;;
Total 401010114 SERVICIOS PENSION Y HOSPEDAJE;;;;;;;;;;;;;120.168;;;;;;-120.168;
Cuenta;;;;;401010119 CUOTAS LEASING;;;;;;;;;;;;;;;
Dia;;;Mes;;Comp.;;Tipo;Tipo documento;Docto.;Glosa;;;Perdida;;;Ganancia;;;Saldo;
24;;;Octubre;;12.709;;Traspaso;aFACTURA ELECTRONICA PROVEEDORES;53.409.903;FAEL/53409903/BANCO SANTANDER;;;645.007;;;;;;-645.007;
30;;;Noviembre;;13.123;;Traspaso;aFACTURA ELECTRONICA PROVEEDORES;53.738.640;FAEL/53738640/BANCO SANTANDER;;;645.007;;;;;;-1.290.014;
30;;;Diciembre;;13.736;;Traspaso;aFACTURA ELECTRONICA PROVEEDORES;54.097.453;FAEL/54097453/BANCO SANTANDER;;;646.767;;;;;;-1.936.781;
;;;;;;;;;;;;;;;;;;;;
Total 401010119 CUOTAS LEASING;;;;;;;;;;;;;1.936.781;;;;;;-1.936.781;
Cuenta;;;;;401030107 OTROS GASTOS;;;;;;;;;;;;;;;
Dia;;;Mes;;Comp.;;Tipo;Tipo documento;Docto.;Glosa;;;Perdida;;;Ganancia;;;Saldo;
28;;;Noviembre;;13.305;;Traspaso;;47;2 VALES COLACIONES  A.FALNDEZ-N.LINCOPI SANTIAGO;;;39.900;;;;;;-39.900;
;;;;;;;;;;;;;;;;;;;;
Total 401030107 OTROS GASTOS;;;;;;;;;;;;;39.900;;;;;;-39.900;
;;;;;;;;;;;;;;;;;;;;
Total 3010100013 C-43 MITSUBISHI L200 STWW21;;;;;;;;;;;;;3.471.547;;;;;;-39.900;
;;;;;;;;;;;;;;;;;;;;
C.Costo;;;;;3010100014 CAMIONETA JMC  RXKR-45;;;;;;;;;;;;;;;
Cuenta;;;;;401010102 REPUESTOS Y ACCESORIOS;;;;;;;;;;;;;;;
Dia;;;Mes;;Comp.;;Tipo;Tipo documento;Docto.;Glosa;;;Perdida;;;Ganancia;;;Saldo;
30;;;Noviembre;;13.564;;Traspaso;;0;BOLSA DE PAÑOS;;;1.512;;;;;;-1.512;
30;;;Noviembre;;13.564;;Traspaso;;0;ACEITE 5W30 TAMBOR;;;50.328;;;;;;-51.840;
30;;;Noviembre;;13.564;;Traspaso;;0;FILTRO JMC VIGUS AIRE;;;14.567;;;;;;-66.407;
30;;;Noviembre;;13.564;;Traspaso;;0;FILTRO JMC VIGUS ACEITE;;;12.811;;;;;;-79.218;
30;;;Noviembre;;13.564;;Traspaso;;0;FILTRO JMC VIGUS COMBUSTIBLE;;;24.642;;;;;;-103.860;
;;;;;;;;;;;;;;;;;;;;
Total 401010102 REPUESTOS Y ACCESORIOS;;;;;;;;;;;;;103.860;;;;;;-103.860;
;;;;;;;;;;;;;;;;;;;;
Total 3010100014 CAMIONETA JMC  RXKR-45;;;;;;;;;;;;;103.860;;;;;;-103.860;
;;;;;;;;;;;;;;;;;;;;
C.Costo;;;;;3010100015 CAMIONETA JMC RWRH-49;;;;;;;;;;;;;;;
Obra;;;;;30101 VEHICULOS DE OPERACIONES;;;;;;;;;;;;;;;
Cuenta;;;;;301010102 INGRESOS ARRIENDO VEHICULOS MENORES;;;;;;;;;;;;;;;
Dia;;;Mes;;Comp.;;Tipo;Tipo documento;Docto.;Glosa;;;Perdida;;;Ganancia;;;Saldo;
17;;;Octubre;;12.207;;Traspaso;FACTURA ELECTRONICA CLIENTES;2.531;FECN/2531/INGENIERIA Y CONSTRUCCION HARCHA LTDA;;;;;;303.333;;;303.333;
30;;;Diciembre;;13.701;;Traspaso;FACTURA ELECTRONICA CLIENTES;2.601;FECN/2601/INGENIERIA Y CONSTRUCCION HARCHA LTDA;;;;;;455.000;;;758.333;
;;;;;;;;;;;;;;;;;;;;
Total 301010102 INGRESOS ARRIENDO VEHICULOS MENORES;;;;;;;;;;;;;;;;758.333;;;758.333;
Cuenta;;;;;401010101 COMBUSTIBLES;;;;;;;;;;;;;;;
Dia;;;Mes;;Comp.;;Tipo;Tipo documento;Docto.;Glosa;;;Perdida;;;Ganancia;;;Saldo;
30;;;Noviembre;;13.562;;Traspaso;;0;DIESEL;;;53.040;;;;;;-53.040;
30;;;Noviembre;;13.562;;Traspaso;;0;DIESEL;;;51.870;;;;;;-104.910;
30;;;Noviembre;;13.562;;Traspaso;;0;DIESEL;;;45.500;;;;;;-150.410;
30;;;Noviembre;;13.562;;Traspaso;;0;DIESEL;;;52.156;;;;;;-202.566;
30;;;Noviembre;;13.562;;Traspaso;;0;DIESEL;;;52.140;;;;;;-254.706;
30;;;Noviembre;;13.562;;Traspaso;;0;DIESEL;;;49.764;;;;;;-304.470;
;;;;;;;;;;;;;;;;;;;;
Total 401010101 COMBUSTIBLES;;;;;;;;;;;;;304.470;;;;;;-304.470;
Cuenta;;;;;401010102 REPUESTOS Y ACCESORIOS;;;;;;;;;;;;;;;
Dia;;;Mes;;Comp.;;Tipo;Tipo documento;Docto.;Glosa;;;Perdida;;;Ganancia;;;Saldo;
31;;;Octubre;;12.815;;Traspaso;;0;ACEITE 5W30 TAMBOR;;;50.584;;;;;;-50.584;
31;;;Octubre;;12.815;;Traspaso;;0;NEUMATICO 245/75 R16 MIXTO;;;203.528;;;;;;-254.112;
31;;;Octubre;;12.815;;Traspaso;;0;FILTRO JMC VIGUS AIRE;;;14.567;;;;;;-268.679;
31;;;Octubre;;12.815;;Traspaso;;0;FILTRO JMC VIGUS ACEITE;;;25.622;;;;;;-294.301;
31;;;Octubre;;12.815;;Traspaso;;0;FILTRO JMC VIGUS COMBUSTIBLE;;;24.642;;;;;;-318.943;
31;;;Octubre;;12.815;;Traspaso;;0;FILTRO WK829/2 ALT;;;15.326;;;;;;-334.269;
;;;;;;;;;;;;;;;;;;;;
Total 401010102 REPUESTOS Y ACCESORIOS;;;;;;;;;;;;;334.269;;;;;;-334.269;
Cuenta;;;;;401010103 REPARACIONES  Y MANTENCION;;;;;;;;;;;;;;;
Dia;;;Mes;;Comp.;;Tipo;Tipo documento;Docto.;Glosa;;;Perdida;;;Ganancia;;;Saldo;
30;;;Octubre;;12.686;;Traspaso;aFACTURA ELECTRONICA PROVEEDORES;1.105;FAEL/1105/SERVICIOS DE VULCANIZACION SERVANDO FIGUEROA;;;22.000;;;;;;-22.000;
;;;;;;;;;;;;;;;;;;;;
Total 401010103 REPARACIONES  Y MANTENCION;;;;;;;;;;;;;22.000;;;;;;-22.000;
;;;;;;;;;;;;;;;;;;;;
Total 3010100015 CAMIONETA JMC RWRH-49;;;;;;;;;;;;;660.739;;;758.333;;;-22.000;
;;;;;;;;;;;;;;;;;;;;
C.Costo;;;;;3010100016 C-44 MITSUBISHI L200 STWW39;;;;;;;;;;;;;;;
Cuenta;;;;;401010101 COMBUSTIBLES;;;;;;;;;;;;;;;
Dia;;;Mes;;Comp.;;Tipo;Tipo documento;Docto.;Glosa;;;Perdida;;;Ganancia;;;Saldo;
31;;;Octubre;;12.813;;Traspaso;;0;DIESEL;;;35.784;;;;;;-35.784;
31;;;Octubre;;12.813;;Traspaso;;0;DIESEL;;;50.874;;;;;;-86.658;
31;;;Octubre;;12.813;;Traspaso;;0;DIESEL;;;49.419;;;;;;-136.077;
31;;;Octubre;;12.813;;Traspaso;;0;DIESEL;;;45.292;;;;;;-181.369;
31;;;Octubre;;12.813;;Traspaso;;0;DIESEL;;;40.066;;;;;;-221.435;
31;;;Octubre;;12.813;;Traspaso;;0;DIESEL;;;45.368;;;;;;-266.803;
;;;;;;;;;;;;;;;;;;;;
Total 401010101 COMBUSTIBLES;;;;;;;;;;;;;266.803;;;;;;-266.803;
Cuenta;;;;;401010102 REPUESTOS Y ACCESORIOS;;;;;;;;;;;;;;;
Dia;;;Mes;;Comp.;;Tipo;Tipo documento;Docto.;Glosa;;;Perdida;;;Ganancia;;;Saldo;
31;;;Octubre;;12.815;;Traspaso;;0;BATERIA 90 AMP;;;77.239;;;;;;-77.239;
;;;;;;;;;;;;;;;;;;;;
Total 401010102 REPUESTOS Y ACCESORIOS;;;;;;;;;;;;;77.239;;;;;;-77.239;
Cuenta;;;;;401010109 HONORARIOS;;;;;;;;;;;;;;;
Dia;;;Mes;;Comp.;;Tipo;Tipo documento;Docto.;Glosa;;;Perdida;;;Ganancia;;;Saldo;
29;;;Octubre;;12.826;;Traspaso;BOLETA ELECTRONICA PRESTACION DE SERVICIOS A TERCEROS 2025;124;BHET_2025/124/PINEDA TORRES SERGIO;;;1.052.632;;;;;;-1.052.632;
;;;;;;;;;;;;;;;;;;;;
Total 401010109 HONORARIOS;;;;;;;;;;;;;1.052.632;;;;;;-1.052.632;
Cuenta;;;;;401010119 CUOTAS LEASING;;;;;;;;;;;;;;;
Dia;;;Mes;;Comp.;;Tipo;Tipo documento;Docto.;Glosa;;;Perdida;;;Ganancia;;;Saldo;
30;;;Noviembre;;13.123;;Traspaso;aFACTURA ELECTRONICA PROVEEDORES;53.738.640;FAEL/53738640/BANCO SANTANDER;;;645.007;;;;;;-645.007;
30;;;Diciembre;;13.736;;Traspaso;aFACTURA ELECTRONICA PROVEEDORES;54.097.453;FAEL/54097453/BANCO SANTANDER;;;646.766;;;;;;-1.291.773;
;;;;;;;;;;;;;;;;;;;;
Total 401010119 CUOTAS LEASING;;;;;;;;;;;;;1.291.773;;;;;;-1.291.773;
Obra;;;;;30101 VEHICULOS DE OPERACIONES;;;;;;;;;;;;;;;
Cuenta;;;;;401030107 OTROS GASTOS;;;;;;;;;;;;;;;
Dia;;;Mes;;Comp.;;Tipo;Tipo documento;Docto.;Glosa;;;Perdida;;;Ganancia;;;Saldo;
30;;;Octubre;;12.561;;Traspaso;;6.332;CERT. ANOTACION VIGENTE CTA RAMON MUÑOZ STWW39;;;1.430;;;;;;-1.430;
;;;;;;;;;;;;;;;;;;;;
Total 401030107 OTROS GASTOS;;;;;;;;;;;;;1.430;;;;;;-1.430;
;;;;;;;;;;;;;;;;;;;;
Total 3010100016 C-44 MITSUBISHI L200 STWW39;;;;;;;;;;;;;2.689.877;;;;;;-1.430;
;;;;;;;;;;;;;;;;;;;;
C.Costo;;;;;3010100017 CAMIONETA RAPTOR VGKX-71;;;;;;;;;;;;;;;
Cuenta;;;;;301010102 INGRESOS ARRIENDO VEHICULOS MENORES;;;;;;;;;;;;;;;
Dia;;;Mes;;Comp.;;Tipo;Tipo documento;Docto.;Glosa;;;Perdida;;;Ganancia;;;Saldo;
17;;;Octubre;;12.207;;Traspaso;FACTURA ELECTRONICA CLIENTES;2.531;FECN/2531/INGENIERIA Y CONSTRUCCION HARCHA LTDA;;;;;;800.000;;;800.000;
30;;;Diciembre;;13.707;;Traspaso;FACTURA ELECTRONICA CLIENTES;2.606;FECN/2606/INGENIERIA Y CONSTRUCCION HARCHA LTDA;;;;;;800.000;;;1.600.000;
30;;;Diciembre;;13.702;;Traspaso;FACTURA ELECTRONICA CLIENTES;2.602;FECN/2602/INGENIERIA Y CONSTRUCCION HARCHA LTDA;;;;;;800.000;;;2.400.000;
;;;;;;;;;;;;;;;;;;;;
Total 301010102 INGRESOS ARRIENDO VEHICULOS MENORES;;;;;;;;;;;;;;;;2.400.000;;;2.400.000;
Cuenta;;;;;401010102 REPUESTOS Y ACCESORIOS;;;;;;;;;;;;;;;
Dia;;;Mes;;Comp.;;Tipo;Tipo documento;Docto.;Glosa;;;Perdida;;;Ganancia;;;Saldo;
8;;;Octubre;;12.031;;Traspaso;aFACTURA ELECTRONICA PROVEEDORES;799;FX 799 CONTROL FRENOS RAPTOR VGKK71;;;100.840;;;;;;-100.840;
28;;;Noviembre;;13.307;;Traspaso;aFACTURA ELECTRONICA PROVEEDORES;603.027;MANTENCION CTA VGKX71;;;299.649;;;;;;-400.489;
;;;;;;;;;;;;;;;;;;;;
Total 401010102 REPUESTOS Y ACCESORIOS;;;;;;;;;;;;;400.489;;;;;;-400.489;
Cuenta;;;;;401010103 REPARACIONES  Y MANTENCION;;;;;;;;;;;;;;;
Dia;;;Mes;;Comp.;;Tipo;Tipo documento;Docto.;Glosa;;;Perdida;;;Ganancia;;;Saldo;
2;;;Octubre;;12.692;;Traspaso;aFACTURA ELECTRONICA PROVEEDORES;554.300;FAEL/554300/COMERC. DE NEUMATICOS BACON LT;;;23.529;;;;;;-23.529;
;;;;;;;;;;;;;;;;;;;;
Total 401010103 REPARACIONES  Y MANTENCION;;;;;;;;;;;;;23.529;;;;;;-23.529;
Cuenta;;;;;401010105 PEAJES Y TRANSBORDADOR;;;;;;;;;;;;;;;
Dia;;;Mes;;Comp.;;Tipo;Tipo documento;Docto.;Glosa;;;Perdida;;;Ganancia;;;Saldo;
6;;;Octubre;;12.522;;Traspaso;aFACTURA ELECTRONICA PROVEEDORES;4.593.597;FAEL/4593597/Sociedad Concesionaria Vespucio Norte Express S.A.;;;430;;;;;;-430;
30;;;Noviembre;;13.240;;Traspaso;aFACTURA ELECTRONICA PROVEEDORES;12.433.943;FAEL/12433943/SOC CONCESIONARIA AUTOPISTA CENTRAL;;;11.348;;;;;;-11.778;
30;;;Noviembre;;13.241;;Traspaso;FACTURA EXENTA DE PROVEEDORES ELECTRONICA;1.599.087;FAEE/1599087/SOC CONCESIONARIA RUTA 5;;;12.400;;;;;;-24.178;
30;;;Noviembre;;13.243;;Traspaso;FACTURA EXENTA DE PROVEEDORES ELECTRONICA;14.211.929;FAEE/14211929/SOCIEDAD CONCESIONARIA AUTOPISTA NUEVA VESPUCIO SUR S.A.;;;1.904;;;;;;-26.082;
30;;;Noviembre;;13.245;;Traspaso;FACTURA EXENTA DE PROVEEDORES ELECTRONICA;11.518.842;FAEE/11518842/SOCIEDAD CONCESIONARIA NORTE S.A.;;;20.640;;;;;;-46.722;
18;;;Diciembre;;13.593;;Traspaso;FACTURA EXENTA DE PROVEEDORES ELECTRONICA;2.365.757;FAEE/2365757/OPERADORA DE SISTEMAS ELECTRONICOS SPA;;;5.200;;;;;;-51.922;
18;;;Diciembre;;13.594;;Traspaso;FACTURA EXENTA DE PROVEEDORES ELECTRONICA;7.504.713;FAEE/7504713/RUTA DEL MAIPO SOC CONC S.A.;;;14.800;;;;;;-66.722;
31;;;Diciembre;;13.754;;Traspaso;FACTURA EXENTA DE PROVEEDORES ELECTRONICA;1.420.753;FAEE/1420753/SOCIEDAD CONCESIONARIA RUTA 5 CHILLAN S.A.;;;27.000;;;;;;-93.722;
31;;;Diciembre;;13.758;;Traspaso;aFACTURA ELECTRONICA PROVEEDORES;4.690.291;FAEL/4690291/Sociedad Concesionaria Vespucio Norte Express S.A.;;;776;;;;;;-94.498;
;;;;;;;;;;;;;;;;;;;;
Total 401010105 PEAJES Y TRANSBORDADOR;;;;;;;;;;;;;94.498;;;;;;-94.498;
Cuenta;;;;;401010106 SERVICIO TRANSPORTES;;;;;;;;;;;;;;;
Dia;;;Mes;;Comp.;;Tipo;Tipo documento;Docto.;Glosa;;;Perdida;;;Ganancia;;;Saldo;
1;;;Octubre;;12.091;;Traspaso;aFACTURA ELECTRONICA PROVEEDORES;4.466.967;FAEL/4466967/DHL EXPRESS ( CHILE) LTDA;;;20.448;;;;;;-20.448;
1;;;Octubre;;12.091;;Traspaso;aFACTURA ELECTRONICA PROVEEDORES;4.466.967;FAEL/4466967/DHL EXPRESS ( CHILE) LTDA;;;80.330;;;;;;-100.778;
;;;;;;;;;;;;;;;;;;;;
Total 401010106 SERVICIO TRANSPORTES;;;;;;;;;;;;;100.778;;;;;;-100.778;
Cuenta;;;;;401010115 POLIZA DE SEGURO;;;;;;;;;;;;;;;
Dia;;;Mes;;Comp.;;Tipo;Tipo documento;Docto.;Glosa;;;Perdida;;;Ganancia;;;Saldo;
1;;;Octubre;;12.525;;Traspaso;aFACTURA ELECTRONICA PROVEEDORES;2.916.528;FAEL/2916528/Zurich Chile Seguros Generales S.a.;;;115.802;;;;;;-115.802;
30;;;Noviembre;;13.366;;Traspaso;aFACTURA ELECTRONICA PROVEEDORES;2.932.908;FAEL/2932908/Zurich Chile Seguros Generales S.a.;;;116.206;;;;;;-232.008;
1;;;Diciembre;;13.623;;Traspaso;aFACTURA ELECTRONICA PROVEEDORES;2.946.271;FAEL/2946271/Zurich Chile Seguros Generales S.a.;;;116.265;;;;;;-348.273;
;;;;;;;;;;;;;;;;;;;;
Total 401010115 POLIZA DE SEGURO;;;;;;;;;;;;;348.273;;;;;;-348.273;
;;;;;;;;;;;;;;;;;;;;
Total 3010100017 CAMIONETA RAPTOR VGKX-71;;;;;;;;;;;;;967.567;;;2.400.000;;;-348.273;
;;;;;;;;;;;;;;;;;;;;
C.Costo;;;;;3010100018 C-54 MAXUS T60 4X4 2.0 DX PLUS VPPL47;;;;;;;;;;;;;;;
Cuenta;;;;;301010102 INGRESOS ARRIENDO VEHICULOS MENORES;;;;;;;;;;;;;;;
Dia;;;Mes;;Comp.;;Tipo;Tipo documento;Docto.;Glosa;;;Perdida;;;Ganancia;;;Saldo;
18;;;Diciembre;;13.569;;Traspaso;FACTURA ELECTRONICA CLIENTES;2.592;FECN/2592/INGENIERIA Y CONSTRUCCION HARCHA LTDA;;;;;;474.600;;;474.600;
18;;;Diciembre;;13.597;;Traspaso;FACTURA ELECTRONICA CLIENTES;2.593;FECN/2593/INGENIERIA Y CONSTRUCCION HARCHA LTDA;;;;;;68.600;;;543.200;
;;;;;;;;;;;;;;;;;;;;
Total 301010102 INGRESOS ARRIENDO VEHICULOS MENORES;;;;;;;;;;;;;;;;543.200;;;543.200;
Obra;;;;;30101 VEHICULOS DE OPERACIONES;;;;;;;;;;;;;;;
Cuenta;;;;;401010101 COMBUSTIBLES;;;;;;;;;;;;;;;
Dia;;;Mes;;Comp.;;Tipo;Tipo documento;Docto.;Glosa;;;Perdida;;;Ganancia;;;Saldo;
30;;;Noviembre;;13.562;;Traspaso;;0;DIESEL;;;57.702;;;;;;-57.702;
30;;;Noviembre;;13.562;;Traspaso;;0;DIESEL;;;23.660;;;;;;-81.362;
30;;;Noviembre;;13.562;;Traspaso;;0;DIESEL;;;37.037;;;;;;-118.399;
30;;;Noviembre;;13.562;;Traspaso;;0;DIESEL;;;42.133;;;;;;-160.532;
30;;;Noviembre;;13.562;;Traspaso;;0;DIESEL;;;25.990;;;;;;-186.522;
30;;;Noviembre;;13.562;;Traspaso;;0;DIESEL;;;17.680;;;;;;-204.202;
30;;;Noviembre;;13.562;;Traspaso;;0;DIESEL;;;30.056;;;;;;-234.258;
30;;;Noviembre;;13.562;;Traspaso;;0;DIESEL;;;24.929;;;;;;-259.187;
30;;;Noviembre;;13.562;;Traspaso;;0;DIESEL;;;38.896;;;;;;-298.083;
30;;;Noviembre;;13.562;;Traspaso;;0;DIESEL;;;19.110;;;;;;-317.193;
;;;;;;;;;;;;;;;;;;;;
Total 401010101 COMBUSTIBLES;;;;;;;;;;;;;317.193;;;;;;-317.193;
Cuenta;;;;;401010102 REPUESTOS Y ACCESORIOS;;;;;;;;;;;;;;;
Dia;;;Mes;;Comp.;;Tipo;Tipo documento;Docto.;Glosa;;;Perdida;;;Ganancia;;;Saldo;
24;;;Noviembre;;12.844;;Traspaso;aFACTURA ELECTRONICA PROVEEDORES;13.669;FAEL/13669/AMERICAN IMPORTS SPA;;;24.593;;;;;;-24.593;
24;;;Noviembre;;12.854;;Traspaso;aFACTURA ELECTRONICA PROVEEDORES;13.676;FAEL/13676/AMERICAN IMPORTS SPA;;;5.640;;;;;;-30.233;
28;;;Noviembre;;13.198;;Traspaso;aFACTURA ELECTRONICA PROVEEDORES;791;2 EXTINTORES CTA UPPL47;;;78.992;;;;;;-109.225;
30;;;Noviembre;;13.564;;Traspaso;;0;ADHESIVO ROMBO;;;23.988;;;;;;-133.213;
30;;;Noviembre;;13.564;;Traspaso;;0;CABLE 3 VIAS 2.5;;;17.445;;;;;;-150.658;
30;;;Noviembre;;13.564;;Traspaso;;0;ADHESIVO NU1202;;;11.940;;;;;;-162.598;
30;;;Noviembre;;13.564;;Traspaso;;0;ADBLUE LT.;;;4.940;;;;;;-167.538;
30;;;Noviembre;;13.564;;Traspaso;;0;FUSIBLE UNIVERSAL 25 AMP;;;768;;;;;;-168.306;
30;;;Noviembre;;13.564;;Traspaso;;0;CONO NARANJO DE 18;;;10.380;;;;;;-178.686;
30;;;Noviembre;;13.564;;Traspaso;;0;ALARMA DE RETROCESO 12/24 V;;;17.196;;;;;;-195.882;
30;;;Noviembre;;13.564;;Traspaso;;0;FUNDA PARA ASIENTOS;;;41.597;;;;;;-237.479;
30;;;Noviembre;;13.564;;Traspaso;;0;ESLINGA;;;23.558;;;;;;-261.037;
30;;;Noviembre;;13.564;;Traspaso;;0;PORTA FUSIBLE;;;2.036;;;;;;-263.073;
30;;;Noviembre;;13.564;;Traspaso;;0;PLETINA 100*12 MM;;;34.248;;;;;;-297.321;
30;;;Noviembre;;13.564;;Traspaso;;0;PERFIL 40*40*3;;;52.185;;;;;;-349.506;
30;;;Noviembre;;13.564;;Traspaso;;0;ADHESIVOS CAMIONETAS (LOGO HARCHA);;;12.642;;;;;;-362.148;
;;;;;;;;;;;;;;;;;;;;
Total 401010102 REPUESTOS Y ACCESORIOS;;;;;;;;;;;;;362.148;;;;;;-362.148;
Cuenta;;;;;401010104 ELEMENTOS DE PROTECCION PERSONAL;;;;;;;;;;;;;;;
Dia;;;Mes;;Comp.;;Tipo;Tipo documento;Docto.;Glosa;;;Perdida;;;Ganancia;;;Saldo;
30;;;Noviembre;;13.564;;Traspaso;;0;BOTIQUIN;;;10.466;;;;;;-10.466;
30;;;Noviembre;;13.564;;Traspaso;;0;CHALECO MALLA XL;;;2.614;;;;;;-13.080;
30;;;Noviembre;;13.564;;Traspaso;;0;ADHESIVO NO FUMAR;;;20.388;;;;;;-33.468;
30;;;Noviembre;;13.564;;Traspaso;;0;ADHESIVO LIQUIDO INFLAMABLE;;;23.988;;;;;;-57.456;
;;;;;;;;;;;;;;;;;;;;
Total 401010104 ELEMENTOS DE PROTECCION PERSONAL;;;;;;;;;;;;;57.456;;;;;;-57.456;
Cuenta;;;;;401010105 PEAJES Y TRANSBORDADOR;;;;;;;;;;;;;;;
Dia;;;Mes;;Comp.;;Tipo;Tipo documento;Docto.;Glosa;;;Perdida;;;Ganancia;;;Saldo;
31;;;Diciembre;;13.758;;Traspaso;aFACTURA ELECTRONICA PROVEEDORES;4.690.291;FAEL/4690291/Sociedad Concesionaria Vespucio Norte Express S.A.;;;776;;;;;;-776;
;;;;;;;;;;;;;;;;;;;;
Total 401010105 PEAJES Y TRANSBORDADOR;;;;;;;;;;;;;776;;;;;;-776;
Cuenta;;;;;401010112 ALIMENTACION;;;;;;;;;;;;;;;
Dia;;;Mes;;Comp.;;Tipo;Tipo documento;Docto.;Glosa;;;Perdida;;;Ganancia;;;Saldo;
16;;;Diciembre;;13.498;;Traspaso;;75.083;2 BOLETAS COLACION JUAN CARLOS LEAL CTA UPPL47;;;14.000;;;;;;-14.000;
;;;;;;;;;;;;;;;;;;;;
Total 401010112 ALIMENTACION;;;;;;;;;;;;;14.000;;;;;;-14.000;
Cuenta;;;;;401010119 CUOTAS LEASING;;;;;;;;;;;;;;;
Dia;;;Mes;;Comp.;;Tipo;Tipo documento;Docto.;Glosa;;;Perdida;;;Ganancia;;;Saldo;
17;;;Diciembre;;13.545;;Traspaso;aFACTURA ELECTRONICA PROVEEDORES;53.945.115;FAEL/53945115/BANCO SANTANDER;;;748.723;;;;;;-748.723;
;;;;;;;;;;;;;;;;;;;;
Total 401010119 CUOTAS LEASING;;;;;;;;;;;;;748.723;;;;;;-748.723;
;;;;;;;;;;;;;;;;;;;;
Total 3010100018 C-54 MAXUS T60 4X4 2.0 DX PLUS VPPL47;;;;;;;;;;;;;1.500.296;;;543.200;;;-748.723;
;;;;;;;;;;;;;;;;;;;;
C.Costo;;;;;3010100019 CB-04 VICFER VIC-6 -PXKW57;;;;;;;;;;;;;;;
Obra;;;;;30101 VEHICULOS DE OPERACIONES;;;;;;;;;;;;;;;
Cuenta;;;;;401010103 REPARACIONES  Y MANTENCION;;;;;;;;;;;;;;;
Dia;;;Mes;;Comp.;;Tipo;Tipo documento;Docto.;Glosa;;;Perdida;;;Ganancia;;;Saldo;
31;;;Diciembre;;13.772;;Traspaso;aFACTURA ELECTRONICA PROVEEDORES;146;REPARACION NEUMATICO CAMA BAJA CB04;;;15.966;;;;;;-15.966;
;;;;;;;;;;;;;;;;;;;;
Total 401010103 REPARACIONES  Y MANTENCION;;;;;;;;;;;;;15.966;;;;;;-15.966;
Cuenta;;;;;401010119 CUOTAS LEASING;;;;;;;;;;;;;;;
Dia;;;Mes;;Comp.;;Tipo;Tipo documento;Docto.;Glosa;;;Perdida;;;Ganancia;;;Saldo;
31;;;Diciembre;;13.810;;Traspaso;aFACTURA ELECTRONICA PROVEEDORES;53.998.782;FAEL/53998782/BANCO SANTANDER;;;653.971;;;;;;-653.971;
;;;;;;;;;;;;;;;;;;;;
Total 401010119 CUOTAS LEASING;;;;;;;;;;;;;653.971;;;;;;-653.971;
;;;;;;;;;;;;;;;;;;;;
Total 3010100019 CB-04 VICFER VIC-6 -PXKW57;;;;;;;;;;;;;669.937;;;;;;-653.971;
;;;;;;;;;;;;;;;;;;;;
Total 30101 VEHICULOS DE OPERACIONES;;;;;;;;;;;;;23.046.648;;;4.042.533;;;-19.004.115;
Total General;;;;;;;;;;;;;23.046.648;;;4.042.533;;;-19.004.115;
