Fecha;Código Máquina;Centro Costo;Glosa;Monto
06-10-2025;C-20;3010100008 C-20 MITSUBISHI L200 RCZX23;FAEL/29439949/Copec S.a;$38,569
06-10-2025;C-20;3010100008 C-20 MITSUBISHI L200 RCZX23;FAEL/29439949/Copec S.a;$4,493
07-10-2025;TC-03;2020100031 TC-03 TRACTO CAMION MERCEDES RKYD79;GASOLINA MOTORIN RKYD79;$5,000
08-10-2025;C-19;3010100007 C-19 MITSUBISHI L200 RCZX21;FX 5512481 DIESEL JORGE ARIAS RCZX21;$15,189
08-10-2025;C-19;3010100007 C-19 MITSUBISHI L200 RCZX21;FX 5512481 DIESEL JORGE ARIAS RCZX21;$1,925
17-10-2025;;1010100002 TALLER;4 LTS GASOLINA TRASLADO RAMIRO;$6,000
20-10-2025;C-20;3010100008 C-20 MITSUBISHI L200 RCZX23;FPE/29454571/Copec S.a;$52,849
20-10-2025;CF-06;2010300008 CF-06 CARGADOR FRONTAL JHON DEERE 624K ;20 LTS GASOLINA TRASLADO JULIO URIBE SEMANA DEL 6 AL 10;$14,930
20-10-2025;CF-06;2010300008 CF-06 CARGADOR FRONTAL JHON DEERE 624K ;20 LTS GASOLINA TRASLADO JULIO URIBE SEMANA DEL 6 AL 10;$8,133
20-10-2025;CF-07;2010300009 CF-07 CARGADOR FRONTAL HYUNDAI;20 LTS GASOLINA TRASLADO JULIO URIBE SEMANA DEL 13 AL 17;$8,312
20-10-2025;CF-07;2010300009 CF-07 CARGADOR FRONTAL HYUNDAI;20 LTS GASOLINA TRASLADO JULIO URIBE SEMANA DEL 13 AL 17;$14,914
20-10-2025;CM-01;2020100014 CM-01 CAMIÓN  INTERNATIONAL MIXER YZ686;15 LTS GASOLINA TRASLADO RENE SOLIS;$20,000
27-10-2025;C-30;2030100049 C-30 JMC VIGUS 6472 RWRH50;9 LTS DIESEL CTA RWRH50 ALBERTO OLIVARES;$10,000
30-10-2025;C-42;2030100061 C-42 RAM 1500 SXVL55;86 LTS GASOLINA CTA SXVL55;$67,127
30-10-2025;C-42;2030100061 C-42 RAM 1500 SXVL55;86 LTS GASOLINA CTA SXVL55;$35,990
30-10-2025;C-42;2030100061 C-42 RAM 1500 SXVL55;80 LTS GASOLINA CTA SXVL55;$59,026
30-10-2025;C-42;2030100061 C-42 RAM 1500 SXVL55;80 LTS GASOLINA CTA SXVL55;$35,188
30-10-2025;C-42;2030100061 C-42 RAM 1500 SXVL55;83 LTS GASOLINA CTA SXVL55;$64,508
30-10-2025;C-42;2030100061 C-42 RAM 1500 SXVL55;83 LTS GASOLINA CTA SXVL55;$34,297
30-10-2025;CF-04;2010300003 CF-04 CARGADOR FRONTAL VOLVO CF-04;20 LTS GASOLINA TRASLADO PERSONAL JULIO URIBE  SEMANA DEL 27 AL 30 OCT.;$14,492
30-10-2025;CF-04;2010300003 CF-04 CARGADOR FRONTAL VOLVO CF-04;20 LTS GASOLINA TRASLADO PERSONAL JULIO URIBE  SEMANA DEL 27 AL 30 OCT.;$8,834
30-10-2025;CF-04;2010300003 CF-04 CARGADOR FRONTAL VOLVO CF-04;20 LTS GASOLINA TRASLADO PERSONAL JULIO URIBE  SEMANA DEL 20 AL 24 OCT.;$14,639
30-10-2025;CF-04;2010300003 CF-04 CARGADOR FRONTAL VOLVO CF-04;20 LTS GASOLINA TRASLADO PERSONAL JULIO URIBE  SEMANA DEL 20 AL 24 OCT.;$8,660
30-10-2025;TC-03;2020100031 TC-03 TRACTO CAMION MERCEDES RKYD79;3 LTS GASOLINA MOTOR CAMA BAJA;$5,000
31-10-2025;;2010900001 MAQUINA BARREDORA BROCE BW260;GASOLINA 93 OCTANOS;$7,660
31-10-2025;;2070100001 PLANTA CHANCADORA POWERSCREEN;DIESEL;$255,600
31-10-2025;;1010100002 TALLER;DIESEL;$25,560
31-10-2025;;1010100002 TALLER;DIESEL;$51,360
31-10-2025;;1010100002 TALLER;DIESEL;$34,240
31-10-2025;;1010100002 TALLER;DIESEL;$23,112
31-10-2025;;1010100002 TALLER;DIESEL;$8,340
31-10-2025;;1010100002 TALLER;DIESEL;$12,510
31-10-2025;;1010100002 TALLER;DIESEL;$67,040
31-10-2025;;1010100002 TALLER;DIESEL;$22,518
31-10-2025;;1010100002 TALLER;DIESEL;$34,840
31-10-2025;;1010100002 TALLER;DIESEL;$25,020
31-10-2025;;1010100002 TALLER;DIESEL;$4,170
31-10-2025;;1010100002 TALLER;DIESEL;$33,360
31-10-2025;;1010100002 TALLER;DIESEL;$33,360
31-10-2025;;1010100002 TALLER;DIESEL;$26,130
31-10-2025;;1010100002 TALLER;DIESEL;$27,744
31-10-2025;;1010100002 TALLER;DIESEL;$34,680
31-10-2025;;1010100002 TALLER;DIESEL;$25,560
31-10-2025;;1010100002 TALLER;DIESEL;$6,816
31-10-2025;;1010100002 TALLER;DIESEL;$68,160
31-10-2025;;1010100002 TALLER;DIESEL;$8,520
31-10-2025;;1010100002 TALLER;DIESEL;$8,520
31-10-2025;;1010100002 TALLER;DIESEL;$8,380
31-10-2025;BD-02;2010700002 BD-02 BULLDOZER CATERTPILLAR D6T;DIESEL;$114,704
31-10-2025;C-04;3010100002 C-04 JAC GBPH77;DIESEL;$40,866
31-10-2025;C-04;3010100002 C-04 JAC GBPH77;DIESEL;$51,360
31-10-2025;C-04;3010100002 C-04 JAC GBPH77;DIESEL;$51,153
31-10-2025;C-04;3010100002 C-04 JAC GBPH77;DIESEL;$45,870
31-10-2025;C-06;2030100017 C-06 MAHINDRA  GZZB73;DIESEL;$37,530
31-10-2025;C-13;2030100004 C-13 MITSUBISHI  KPGT73;DIESEL;$47,685
31-10-2025;C-17;3010100005 C-17 MITSUBISHI KPGT74;DIESEL;$40,866
31-10-2025;C-17;2030100005 C-17 MITSUBISHI  KPGT74;DIESEL;$44,217
31-10-2025;C-17;2030100005 C-17 MITSUBISHI  KPGT74;DIESEL;$27,392
31-10-2025;C-17;2030100005 C-17 MITSUBISHI  KPGT74;DIESEL;$26,688
31-10-2025;C-17;2030100005 C-17 MITSUBISHI  KPGT74;DIESEL;$44,304
31-10-2025;C-17;2030100005 C-17 MITSUBISHI  KPGT74;DIESEL;$40,896
31-10-2025;C-18;2030100006 C-18 MITSUBISHI  KSRB30;DIESEL;$26,582
31-10-2025;C-19;3010100007 C-19 MITSUBISHI L200 RCZX21;DIESEL;$45,412
31-10-2025;C-19;3010100007 C-19 MITSUBISHI L200 RCZX21;DIESEL;$44,389
31-10-2025;C-19;3010100007 C-19 MITSUBISHI L200 RCZX21;DIESEL;$54,002
31-10-2025;C-19;3010100007 C-19 MITSUBISHI L200 RCZX21;DIESEL;$41,200
31-10-2025;C-19;3010100007 C-19 MITSUBISHI L200 RCZX21;DIESEL;$51,946
31-10-2025;C-19;3010100007 C-19 MITSUBISHI L200 RCZX21;DIESEL;$57,222
31-10-2025;C-19;3010100007 C-19 MITSUBISHI L200 RCZX21;DIESEL;$31,672
31-10-2025;C-20;3010100008 C-20 MITSUBISHI L200 RCZX23;FPE/3788015/Empresa Nacional De Energia Enex S.a;$137,428
31-10-2025;C-20;3010100008 C-20 MITSUBISHI L200 RCZX23;DIESEL;$47,685
31-10-2025;C-20;3010100008 C-20 MITSUBISHI L200 RCZX23;DIESEL;$50,396
31-10-2025;C-20;3010100008 C-20 MITSUBISHI L200 RCZX23;DIESEL;$33,813
31-10-2025;C-20;3010100008 C-20 MITSUBISHI L200 RCZX23;DIESEL;$28,356
31-10-2025;C-20;3010100008 C-20 MITSUBISHI L200 RCZX23;DIESEL;$44,202
31-10-2025;C-20;3010100008 C-20 MITSUBISHI L200 RCZX23;DIESEL;$48,990
31-10-2025;C-23;2030100036 C-23 MAXUS  RCWX81;DIESEL;$63,344
31-10-2025;C-23;2030100036 C-23 MAXUS  RCWX81;DIESEL;$52,824
31-10-2025;C-23;2030100036 C-23 MAXUS  RCWX81;DIESEL;$18,744
31-10-2025;C-30;2030100049 C-30 JMC VIGUS 6472 RWRH50;DIESEL;$28,116
31-10-2025;C-30;2030100049 C-30 JMC VIGUS 6472 RWRH50;DIESEL;$18,744
31-10-2025;C-30;2030100049 C-30 JMC VIGUS 6472 RWRH50;DIESEL;$52,020
31-10-2025;C-30;2030100049 C-30 JMC VIGUS 6472 RWRH50;DIESEL;$46,860
31-10-2025;C-30;2030100049 C-30 JMC VIGUS 6472 RWRH50;DIESEL;$27,775
31-10-2025;C-30;2030100049 C-30 JMC VIGUS 6472 RWRH50;DIESEL;$36,660
31-10-2025;C-30;2030100049 C-30 JMC VIGUS 6472 RWRH50;DIESEL;$29,581
31-10-2025;C-30;2030100049 C-30 JMC VIGUS 6472 RWRH50;DIESEL;$37,664
31-10-2025;C-36;2030100035 C-36 ZNA GBPD93;DIESEL;$34,080
31-10-2025;C-36;2030100035 C-36 ZNA GBPD93;DIESEL;$28,611
31-10-2025;C-37;3010100012 C-37 MAXUS 4654 SLCT28;DIESEL;$56,232
31-10-2025;C-37;3010100012 C-37 MAXUS 4654 SLCT28;DIESEL;$28,542
31-10-2025;C-37;3010100012 C-37 MAXUS 4654 SLCT28;DIESEL;$46,008
31-10-2025;C-37;3010100012 C-37 MAXUS 4654 SLCT28;DIESEL;$60,882
31-10-2025;C-37;3010100012 C-37 MAXUS 4654 SLCT28;DIESEL;$39,195
31-10-2025;C-37;3010100012 C-37 MAXUS 4654 SLCT28;DIESEL;$51,153
31-10-2025;C-37;3010100012 C-37 MAXUS 4654 SLCT28;DIESEL;$52,216
31-10-2025;C-37;3010100012 C-37 MAXUS 4654 SLCT28;DIESEL;$33,777
31-10-2025;C-37;3010100012 C-37 MAXUS 4654 SLCT28;DIESEL;$11,271
31-10-2025;C-37;3010100012 C-37 MAXUS 4654 SLCT28;DIESEL;$52,020
31-10-2025;C-37;3010100012 C-37 MAXUS 4654 SLCT28;DIESEL;$25,020
31-10-2025;C-37;3010100012 C-37 MAXUS 4654 SLCT28;DIESEL;$25,680
31-10-2025;C-38;2030100057 C-38 MAXUS T60 4x4 2.8 DXCS SRPL59;DIESEL;$34,840
31-10-2025;C-38;2030100057 C-38 MAXUS T60 4x4 2.8 DXCS SRPL59;DIESEL;$37,530
31-10-2025;C-38;2030100057 C-38 MAXUS T60 4x4 2.8 DXCS SRPL59;DIESEL;$30,024
31-10-2025;C-38;2030100057 C-38 MAXUS T60 4x4 2.8 DXCS SRPL59;DIESEL;$39,386
31-10-2025;C-38;2030100057 C-38 MAXUS T60 4x4 2.8 DXCS SRPL59;DIESEL;$24,388
31-10-2025;C-38;2030100057 C-38 MAXUS T60 4x4 2.8 DXCS SRPL59;DIESEL;$50,040
31-10-2025;C-38;2030100057 C-38 MAXUS T60 4x4 2.8 DXCS SRPL59;DIESEL;$40,066
31-10-2025;C-38;2030100057 C-38 MAXUS T60 4x4 2.8 DXCS SRPL59;DIESEL;$40,866
31-10-2025;C-38;2030100057 C-38 MAXUS T60 4x4 2.8 DXCS SRPL59;DIESEL;$43,452
31-10-2025;C-38;2030100057 C-38 MAXUS T60 4x4 2.8 DXCS SRPL59;DIESEL;$43,452
31-10-2025;C-38;2030100057 C-38 MAXUS T60 4x4 2.8 DXCS SRPL59;DIESEL;$17,040
31-10-2025;C-38;2030100057 C-38 MAXUS T60 4x4 2.8 DXCS SRPL59;DIESEL;$32,376
31-10-2025;C-38;2030100057 C-38 MAXUS T60 4x4 2.8 DXCS SRPL59;DIESEL;$49,419
31-10-2025;C-38;2030100057 C-38 MAXUS T60 4x4 2.8 DXCS SRPL59;DIESEL;$41,088
31-10-2025;C-38;2030100057 C-38 MAXUS T60 4x4 2.8 DXCS SRPL59;DIESEL;$44,304
31-10-2025;C-38;2030100057 C-38 MAXUS T60 4x4 2.8 DXCS SRPL59;DIESEL;$39,376
31-10-2025;C-43;3010100013 C-43 MITSUBISHI L200 STWW21;DIESEL;$39,015
31-10-2025;C-43;3010100013 C-43 MITSUBISHI L200 STWW21;DIESEL;$23,112
31-10-2025;C-43;3010100013 C-43 MITSUBISHI L200 STWW21;DIESEL;$24,824
31-10-2025;C-43;3010100013 C-43 MITSUBISHI L200 STWW21;DIESEL;$35,017
31-10-2025;C-43;3010100013 C-43 MITSUBISHI L200 STWW21;DIESEL;$30,485
31-10-2025;C-43;3010100013 C-43 MITSUBISHI L200 STWW21;DIESEL;$19,223
31-10-2025;C-43;3010100013 C-43 MITSUBISHI L200 STWW21;DIESEL;$45,156
31-10-2025;C-43;3010100013 C-43 MITSUBISHI L200 STWW21;DIESEL;$41,616
31-10-2025;C-43;3010100013 C-43 MITSUBISHI L200 STWW21;DIESEL;$52,260
31-10-2025;C-43;3010100013 C-43 MITSUBISHI L200 STWW21;DIESEL;$21,851
31-10-2025;C-43;3010100013 C-43 MITSUBISHI L200 STWW21;DIESEL;$39,198
31-10-2025;C-43;3010100013 C-43 MITSUBISHI L200 STWW21;DIESEL;$48,372
31-10-2025;C-43;3010100013 C-43 MITSUBISHI L200 STWW21;DIESEL;$42,600
31-10-2025;C-43;3010100013 C-43 MITSUBISHI L200 STWW21;DIESEL;$20,448
31-10-2025;C-43;3010100013 C-43 MITSUBISHI L200 STWW21;DIESEL;$29,820
31-10-2025;C-43;3010100013 C-43 MITSUBISHI L200 STWW21;DIESEL;$17,381
31-10-2025;C-43;3010100013 C-43 MITSUBISHI L200 STWW21;DIESEL;$38,548
31-10-2025;C-44;3010100016 C-44 MITSUBISHI L200 STWW39;DIESEL;$35,784
31-10-2025;C-44;3010100016 C-44 MITSUBISHI L200 STWW39;DIESEL;$50,874
31-10-2025;C-44;3010100016 C-44 MITSUBISHI L200 STWW39;DIESEL;$49,419
31-10-2025;C-44;3010100016 C-44 MITSUBISHI L200 STWW39;DIESEL;$45,292
31-10-2025;C-44;3010100016 C-44 MITSUBISHI L200 STWW39;DIESEL;$40,066
31-10-2025;C-44;3010100016 C-44 MITSUBISHI L200 STWW39;DIESEL;$45,368
31-10-2025;C-44;2030100062 C-44 MITSUBISHI L200 STWW39;DIESEL;$35,612
31-10-2025;C-44;2030100062 C-44 MITSUBISHI L200 STWW39;DIESEL;$44,304
31-10-2025;C-44;2030100062 C-44 MITSUBISHI L200 STWW39;DIESEL;$33,739
31-10-2025;C-45;2030100055 C-45 MAXUS 8943 SLCT29;DIESEL;$58,183
31-10-2025;C-45;2030100055 C-45 MAXUS 8943 SLCT29;DIESEL;$37,530
31-10-2025;C-49;2030100068 C-49 CAMIONETA NISSAN NP300 JRPT-44;DIESEL;$53,928
31-10-2025;C-51;3010100001 C-51 CAMIONETA PEUGEOT PARTNER TSXT-79;DIESEL;$23,941
31-10-2025;C-51;3010100001 C-51 CAMIONETA PEUGEOT PARTNER TSXT-79;DIESEL;$38,297
31-10-2025;C-51;3010100001 C-51 CAMIONETA PEUGEOT PARTNER TSXT-79;DIESEL;$40,032
31-10-2025;C-51;3010100001 C-51 CAMIONETA PEUGEOT PARTNER TSXT-79;DIESEL;$34,680
31-10-2025;C-51;3010100001 C-51 CAMIONETA PEUGEOT PARTNER TSXT-79;DIESEL;$26,412
31-10-2025;C-51;3010100001 C-51 CAMIONETA PEUGEOT PARTNER TSXT-79;DIESEL;$36,582
31-10-2025;C-51;3010100001 C-51 CAMIONETA PEUGEOT PARTNER TSXT-79;DIESEL;$30,672
31-10-2025;C-51;3010100001 C-51 CAMIONETA PEUGEOT PARTNER TSXT-79;DIESEL;$32,376
31-10-2025;CF-04;2010300003 CF-04 CARGADOR FRONTAL VOLVO CF-04;DIESEL;$63,583
31-10-2025;CF-04;2010300003 CF-04 CARGADOR FRONTAL VOLVO CF-04;DIESEL;$118,428
31-10-2025;CF-04;2010300003 CF-04 CARGADOR FRONTAL VOLVO CF-04;DIESEL;$8,710
31-10-2025;CF-04;2010300003 CF-04 CARGADOR FRONTAL VOLVO CF-04;DIESEL;$125,100
31-10-2025;CF-04;2010300003 CF-04 CARGADOR FRONTAL VOLVO CF-04;DIESEL;$94,242
31-10-2025;CF-04;2010300003 CF-04 CARGADOR FRONTAL VOLVO CF-04;DIESEL;$90,906
31-10-2025;CF-04;2010300003 CF-04 CARGADOR FRONTAL VOLVO CF-04;DIESEL;$91,740
31-10-2025;CF-05;2010300006 CF-05 CARGADOR CLINTON2;DIESEL;$56,712
31-10-2025;CF-05;2010300006 CF-05 CARGADOR CLINTON2;DIESEL;$72,558
31-10-2025;CF-05;2010300006 CF-05 CARGADOR CLINTON2;DIESEL;$52,260
31-10-2025;CF-05;2010300006 CF-05 CARGADOR CLINTON2;DIESEL;$42,906
31-10-2025;CF-05;2010300006 CF-05 CARGADOR CLINTON2;DIESEL;$50,286
31-10-2025;CF-05;2010300006 CF-05 CARGADOR CLINTON2;DIESEL;$53,754
31-10-2025;CF-05;2010300006 CF-05 CARGADOR CLINTON2;DIESEL;$54,002
31-10-2025;CF-05;2010300006 CF-05 CARGADOR CLINTON2;DIESEL;$58,956
31-10-2025;CF-05;2010300006 CF-05 CARGADOR CLINTON2;DIESEL;$51,120
31-10-2025;CF-05;2010300006 CF-05 CARGADOR CLINTON2;DIESEL;$34,840
31-10-2025;CF-05;2010300006 CF-05 CARGADOR CLINTON2;DIESEL;$75,777
31-10-2025;CF-05;2010300006 CF-05 CARGADOR CLINTON2;DIESEL;$55,878
31-10-2025;CF-05;2010300006 CF-05 CARGADOR CLINTON2;DIESEL;$48,462
31-10-2025;CF-05;2010300006 CF-05 CARGADOR CLINTON2;DIESEL;$32,528
31-10-2025;CF-05;2010300006 CF-05 CARGADOR CLINTON2;DIESEL;$53,676
31-10-2025;CF-05;2010300006 CF-05 CARGADOR CLINTON2;DIESEL;$57,352
31-10-2025;CF-05;2010300006 CF-05 CARGADOR CLINTON2;DIESEL;$55,891
31-10-2025;CF-05;2010300006 CF-05 CARGADOR CLINTON2;DIESEL;$89,301
31-10-2025;CF-05;2010300006 CF-05 CARGADOR CLINTON2;DIESEL;$46,704
31-10-2025;CF-05;2010300006 CF-05 CARGADOR CLINTON2;DIESEL;$26,412
31-10-2025;CF-05;2010300006 CF-05 CARGADOR CLINTON2;DIESEL;$42,600
31-10-2025;CF-05;2010300006 CF-05 CARGADOR CLINTON2;DIESEL;$60,492
31-10-2025;CF-05;2010300006 CF-05 CARGADOR CLINTON2;DIESEL;$34,080
31-10-2025;CF-06;2010300008 CF-06 CARGADOR FRONTAL JHON DEERE 624K ;DIESEL;$32,227
31-10-2025;CF-06;2010300008 CF-06 CARGADOR FRONTAL JHON DEERE 624K ;DIESEL;$92,326
31-10-2025;CF-06;2010300008 CF-06 CARGADOR FRONTAL JHON DEERE 624K ;DIESEL;$118,128
31-10-2025;CF-06;2010300008 CF-06 CARGADOR FRONTAL JHON DEERE 624K ;DIESEL;$60,690
31-10-2025;CF-06;2010300008 CF-06 CARGADOR FRONTAL JHON DEERE 624K ;DIESEL;$56,355
31-10-2025;CF-06;2010300008 CF-06 CARGADOR FRONTAL JHON DEERE 624K ;DIESEL;$116,714
31-10-2025;CF-06;2010300008 CF-06 CARGADOR FRONTAL JHON DEERE 624K ;DIESEL;$71,094
31-10-2025;CF-06;2010300008 CF-06 CARGADOR FRONTAL JHON DEERE 624K ;DIESEL;$70,056
31-10-2025;CF-06;2010300008 CF-06 CARGADOR FRONTAL JHON DEERE 624K ;DIESEL;$94,572
31-10-2025;CF-06;2010300008 CF-06 CARGADOR FRONTAL JHON DEERE 624K ;DIESEL;$136,960
31-10-2025;CF-07;2010300009 CF-07 CARGADOR FRONTAL HYUNDAI;DIESEL;$202,943
31-10-2025;CF-07;2010300009 CF-07 CARGADOR FRONTAL HYUNDAI;DIESEL;$185,538
31-10-2025;CF-07;2010300009 CF-07 CARGADOR FRONTAL HYUNDAI;DIESEL;$267,397
31-10-2025;CF-07;2010300009 CF-07 CARGADOR FRONTAL HYUNDAI;DIESEL;$214,149
31-10-2025;CF-07;2010300009 CF-07 CARGADOR FRONTAL HYUNDAI;DIESEL;$206,346
31-10-2025;CF-07;2010300009 CF-07 CARGADOR FRONTAL HYUNDAI;DIESEL;$134,392
31-10-2025;CF-07;2010300009 CF-07 CARGADOR FRONTAL HYUNDAI;DIESEL;$180,616
31-10-2025;CF-07;2010300009 CF-07 CARGADOR FRONTAL HYUNDAI;DIESEL;$296,140
31-10-2025;CF-07;2010300009 CF-07 CARGADOR FRONTAL HYUNDAI;DIESEL;$62,712
31-10-2025;CF-07;2010300009 CF-07 CARGADOR FRONTAL HYUNDAI;DIESEL;$182,328
31-10-2025;CF-07;2010300009 CF-07 CARGADOR FRONTAL HYUNDAI;DIESEL;$102,240
31-10-2025;CF-07;2010300009 CF-07 CARGADOR FRONTAL HYUNDAI;DIESEL;$34,080
31-10-2025;CF-07;2010300009 CF-07 CARGADOR FRONTAL HYUNDAI;DIESEL;$120,132
31-10-2025;CF-07;2010300009 CF-07 CARGADOR FRONTAL HYUNDAI;DIESEL;$175,512
31-10-2025;CF-07;2010300009 CF-07 CARGADOR FRONTAL HYUNDAI;DIESEL;$185,736
31-10-2025;CF-07;2010300009 CF-07 CARGADOR FRONTAL HYUNDAI;DIESEL;$186,588
31-10-2025;CF-07;2010300009 CF-07 CARGADOR FRONTAL HYUNDAI;DIESEL;$181,476
31-10-2025;CF-08;2010300010 CF-08 CARGADOR FRONTAL KOMATSU, PPU CYW;DIESEL;$144,840
31-10-2025;CF-08;2010300010 CF-08 CARGADOR FRONTAL KOMATSU, PPU CYW;DIESEL;$150,804
31-10-2025;CF-09;2010300011 CF-09 CARGADOR FRONTAL KOMATSU, PPU DXG;DIESEL;$50,040
31-10-2025;CG-02;2020100006 CG-02 CAMIÓN  FOTON GANADERO GGBJ29;DIESEL;$124,862
31-10-2025;CM-01;2020100014 CM-01 CAMIÓN  INTERNATIONAL MIXER YZ686;DIESEL;$85,902
31-10-2025;CP-02;2020100012 CP-02 CAMIÓN  FOTON  HKST11;DIESEL;$26,877
31-10-2025;CP-02;2020100012 CP-02 CAMIÓN  FOTON  HKST11;DIESEL;$32,528
31-10-2025;CP-02;2020100012 CP-02 CAMIÓN  FOTON  HKST11;DIESEL;$39,683
31-10-2025;CP-02;2020100012 CP-02 CAMIÓN  FOTON  HKST11;DIESEL;$33,360
31-10-2025;CP-02;2020100012 CP-02 CAMIÓN  FOTON  HKST11;DIESEL;$29,357
31-10-2025;CP-02;2020100012 CP-02 CAMIÓN  FOTON  HKST11;DIESEL;$42,600
31-10-2025;CP-02;2020100012 CP-02 CAMIÓN  FOTON  HKST11;DIESEL;$41,088
31-10-2025;CP-02;2020100012 CP-02 CAMIÓN  FOTON  HKST11;DIESEL;$40,866
31-10-2025;CP-02;2020100012 CP-02 CAMIÓN  FOTON  HKST11;DIESEL;$24,388
31-10-2025;CP-04;2020100017 CP-04 CAMION MITSUBISHI CANTER LBLG59;GASOLINA 93 OCTANOS;$757
31-10-2025;CP-05;2020100030 CP-05 CAMION MITSUBISHI FUSO RKYD89;DIESEL;$91,740
31-10-2025;CP-05;2020100030 CP-05 CAMION MITSUBISHI FUSO RKYD89;DIESEL;$37,281
31-10-2025;CP-05;2020100030 CP-05 CAMION MITSUBISHI FUSO RKYD89;DIESEL;$34,240
31-10-2025;CP-05;2020100030 CP-05 CAMION MITSUBISHI FUSO RKYD89;DIESEL;$71,048
31-10-2025;CP-05;2020100030 CP-05 CAMION MITSUBISHI FUSO RKYD89;DIESEL;$47,905
31-10-2025;CP-05;2020100030 CP-05 CAMION MITSUBISHI FUSO RKYD89;DIESEL;$88,404
31-10-2025;CP-05;2020100030 CP-05 CAMION MITSUBISHI FUSO RKYD89;DIESEL;$70,056
31-10-2025;CP-05;2020100030 CP-05 CAMION MITSUBISHI FUSO RKYD89;DIESEL;$77,737
31-10-2025;CP-05;2020100030 CP-05 CAMION MITSUBISHI FUSO RKYD89;DIESEL;$62,196
31-10-2025;CP-05;2020100030 CP-05 CAMION MITSUBISHI FUSO RKYD89;DIESEL;$67,819
31-10-2025;CP-06;2020100003 CP-06 CAMIÓN  SINOTRUK PLUMA DJBD80;DIESEL;$75,060
31-10-2025;CP-06;2020100003 CP-06 CAMIÓN  SINOTRUK PLUMA DJBD80;DIESEL;$64,752
31-10-2025;CP-06;2020100003 CP-06 CAMIÓN  SINOTRUK PLUMA DJBD80;DIESEL;$66,720
31-10-2025;CP-06;2020100003 CP-06 CAMIÓN  SINOTRUK PLUMA DJBD80;DIESEL;$75,060
31-10-2025;CP-06;2020100003 CP-06 CAMIÓN  SINOTRUK PLUMA DJBD80;DIESEL;$57,486
31-10-2025;CP-06;2020100003 CP-06 CAMIÓN  SINOTRUK PLUMA DJBD80;DIESEL;$84,487
31-10-2025;CP-07;2020100005 CP-07 CAMIÓN PLUMA DZYT-67;DIESEL;$86,700
31-10-2025;CP-8;2020100032 CP-8 CAMION PLUMA TECTOR SXBK-30;DIESEL;$225,180
31-10-2025;CP-8;2020100032 CP-8 CAMION PLUMA TECTOR SXBK-30;DIESEL;$300,240
31-10-2025;CP-8;2020100032 CP-8 CAMION PLUMA TECTOR SXBK-30;DIESEL;$381,480
31-10-2025;CP-8;2020100032 CP-8 CAMION PLUMA TECTOR SXBK-30;DIESEL;$325,280
31-10-2025;CP-8;2020100032 CP-8 CAMION PLUMA TECTOR SXBK-30;DIESEL;$106,349
31-10-2025;CP-8;2020100032 CP-8 CAMION PLUMA TECTOR SXBK-30;DIESEL;$289,680
31-10-2025;CP-8;2020100032 CP-8 CAMION PLUMA TECTOR SXBK-30;DIESEL;$221,520
31-10-2025;CT-06;2020100001 CT-06 CAMIÓN FREIGHTLINER AMARILLO BSLY;DIESEL;$78,384
31-10-2025;CT-06;2020100001 CT-06 CAMIÓN FREIGHTLINER AMARILLO BSLY;DIESEL;$169,845
31-10-2025;CT-06;2020100001 CT-06 CAMIÓN FREIGHTLINER AMARILLO BSLY;DIESEL;$129,183
31-10-2025;CT-09;2020100016 CT-09 CAMION JAC TOLVA GGFY95;DIESEL;$199,410
31-10-2025;CT-09;2020100016 CT-09 CAMION JAC TOLVA GGFY95;DIESEL;$208,500
31-10-2025;CT-09;2020100016 CT-09 CAMION JAC TOLVA GGFY95;DIESEL;$174,200
31-10-2025;CT-10;2020100009 CT-10 CAMIÓN FOTON TOLVA HKDX21;DIESEL;$163,584
31-10-2025;CT-10;2020100009 CT-10 CAMIÓN FOTON TOLVA HKDX21;DIESEL;$134,616
31-10-2025;CT-10;2020100009 CT-10 CAMIÓN FOTON TOLVA HKDX21;DIESEL;$173,400
31-10-2025;CT-20;2020100033 CT-20 CAMIÓN ARRENDADO BFTP53;DIESEL;$144,840
31-10-2025;CT-20;2020100033 CT-20 CAMIÓN ARRENDADO BFTP53;DIESEL;$182,980
31-10-2025;CT-20;2020100033 CT-20 CAMIÓN ARRENDADO BFTP53;DIESEL;$109,746
31-10-2025;CT-20;2020100033 CT-20 CAMIÓN ARRENDADO BFTP53;DIESEL;$165,208
31-10-2025;CT-20;2020100033 CT-20 CAMIÓN ARRENDADO BFTP53;DIESEL;$120,513
31-10-2025;CT-20;2020100033 CT-20 CAMIÓN ARRENDADO BFTP53;DIESEL;$166,800
31-10-2025;CT-22;2020100035 CT-22 CAMIÓN ARRENDADO BFTP 66;DIESEL;$55,044
31-10-2025;CT-22;2020100035 CT-22 CAMIÓN ARRENDADO BFTP 66;DIESEL;$40,866
31-10-2025;CT-22;2020100035 CT-22 CAMIÓN ARRENDADO BFTP 66;DIESEL;$86,700
31-10-2025;CT-22;2020100035 CT-22 CAMIÓN ARRENDADO BFTP 66;DIESEL;$121,940
31-10-2025;CT-22;2020100035 CT-22 CAMIÓN ARRENDADO BFTP 66;DIESEL;$87,586
31-10-2025;CT-22;2020100035 CT-22 CAMIÓN ARRENDADO BFTP 66;DIESEL;$127,800
31-10-2025;CT-25;2020100040 CT-25 CAMION MACK WH-9819;DIESEL;$218,508
31-10-2025;CT-26;2020100041 CT-26 CAMION MACK WH-9820;DIESEL;$104,520
31-10-2025;CT-26;2020100041 CT-26 CAMION MACK WH-9820;DIESEL;$154,290
31-10-2025;CT-31;2020100046 CT-31 CAMION MACK YU-4569;DIESEL;$97,552
31-10-2025;CT-31;2020100046 CT-31 CAMION MACK YU-4569;DIESEL;$108,712
31-10-2025;CT-31;2020100046 CT-31 CAMION MACK YU-4569;DIESEL;$108,420
31-10-2025;CT-31;2020100046 CT-31 CAMION MACK YU-4569;DIESEL;$127,800
31-10-2025;CT-31;2020100046 CT-31 CAMION MACK YU-4569;DIESEL;$127,800
31-10-2025;CT-31;2020100046 CT-31 CAMION MACK YU-4569;DIESEL;$113,316
31-10-2025;CT-31;2020100046 CT-31 CAMION MACK YU-4569;DIESEL;$111,843
31-10-2025;CT-33;2020100048 CT-33 CAMION MACK YU-4931;GASOLINA 93 OCTANOS;$1,514
31-10-2025;CT-34;2020100049 CT-34 CAMION MACK YU-4943;DIESEL;$116,714
31-10-2025;CT-34;2020100049 CT-34 CAMION MACK YU-4943;DIESEL;$79,608
31-10-2025;CT-34;2020100049 CT-34 CAMION MACK YU-4943;DIESEL;$70,890
31-10-2025;EX-03;2010200006 EX-03 EXC JCB PC 200;DIESEL;$191,820
31-10-2025;EX-03;2010200006 EX-03 EXC JCB PC 200;DIESEL;$95,910
31-10-2025;EX-03;2010200006 EX-03 EXC JCB PC 200;DIESEL;$267,036
31-10-2025;EX-03;2010200006 EX-03 EXC JCB PC 200;DIESEL;$187,265
31-10-2025;EX-03;2010200006 EX-03 EXC JCB PC 200;DIESEL;$133,440
31-10-2025;EX-03;2010200006 EX-03 EXC JCB PC 200;DIESEL;$149,286
31-10-2025;EX-03;2010200006 EX-03 EXC JCB PC 200;DIESEL;$274,365
31-10-2025;EX-03;2010200006 EX-03 EXC JCB PC 200;DIESEL;$128,400
31-10-2025;EX-03;2010200006 EX-03 EXC JCB PC 200;DIESEL;$94,160
31-10-2025;EX-03;2010200006 EX-03 EXC JCB PC 200;DIESEL;$238,560
31-10-2025;EX-03;2010200006 EX-03 EXC JCB PC 200;DIESEL;$238,560
31-10-2025;EX-03;2010200006 EX-03 EXC JCB PC 200;DIESEL;$136,320
31-10-2025;EX-08;2010200003 EX-08 EXC KOMATSU PC200;DIESEL;$243,880
31-10-2025;EX-08;2010200003 EX-08 EXC KOMATSU PC200;DIESEL;$78,390
31-10-2025;EX-08;2010200003 EX-08 EXC KOMATSU PC200;DIESEL;$55,044
31-10-2025;EX-10;2010200013 EX-10 EXC KOMATSU PC300;GASOLINA 93 OCTANOS;$3,720
31-10-2025;EX-17;2010200020 [EX-17]-KOMATSU PC210LC-10H0;DIESEL;$34,080
31-10-2025;EX-17;2010200020 [EX-17]-KOMATSU PC210LC-10H0;DIESEL;$127,800
31-10-2025;EX-17;2010200020 [EX-17]-KOMATSU PC210LC-10H0;DIESEL;$105,648
31-10-2025;GM-01;2010500001 GM-01 GRUA KOMATSU;DIESEL;$131,772
31-10-2025;GM-01;2010500001 GM-01 GRUA KOMATSU;DIESEL;$171,200
31-10-2025;GM-04;2010500005 GM-04 GRUA TEREX RT-345-1;DIESEL;$132,060
31-10-2025;MC-04;2010300012 MC-04 MINICARGADOR BOBCAT;DIESEL;$14,807
31-10-2025;MC-04;2010300012 MC-04 MINICARGADOR BOBCAT;DIESEL;$17,892
31-10-2025;MC-04;2010300012 MC-04 MINICARGADOR BOBCAT;DIESEL;$19,941
31-10-2025;MC-04;2010300012 MC-04 MINICARGADOR BOBCAT;DIESEL;$8,520
31-10-2025;MC-04;2010300012 MC-04 MINICARGADOR BOBCAT;DIESEL;$23,856
31-10-2025;MX-02;2010200011 MX-02 MINIEXCAVADORA WACKER;DIESEL;$18,744
31-10-2025;MX-02;2010200011 MX-02 MINIEXCAVADORA WACKER;DIESEL;$17,976
31-10-2025;MX-02;2010200011 MX-02 MINIEXCAVADORA WACKER;DIESEL;$40,232
31-10-2025;MX-02;2010200011 MX-02 MINIEXCAVADORA WACKER;DIESEL;$29,614
31-10-2025;MX-02;2010200011 MX-02 MINIEXCAVADORA WACKER;DIESEL;$20,850
31-10-2025;MX-02;2010200011 MX-02 MINIEXCAVADORA WACKER;DIESEL;$18,291
31-10-2025;MX-02;2010200011 MX-02 MINIEXCAVADORA WACKER;DIESEL;$31,792
31-10-2025;MX-02;2010200011 MX-02 MINIEXCAVADORA WACKER;DIESEL;$30,345
31-10-2025;MX-02;2010200011 MX-02 MINIEXCAVADORA WACKER;DIESEL;$17,340
31-10-2025;MX-02;2010200011 MX-02 MINIEXCAVADORA WACKER;DIESEL;$16,680
31-10-2025;MX-02;2010200011 MX-02 MINIEXCAVADORA WACKER;DIESEL;$17,420
31-10-2025;MX-03;2010200010 MX-03 MINIEXCAVADORA JCB;DIESEL;$161,880
31-10-2025;MX-03;2010200010 MX-03 MINIEXCAVADORA JCB;DIESEL;$25,560
31-10-2025;RX-05;2010100007 RX-05 RETROEXCAVADORA NH;DIESEL;$66,803
31-10-2025;RX-06;2010100008 RX-06 RETROEXCAVADORA NH;DIESEL;$27,001
31-10-2025;RX-06;2010100008 RX-06 RETROEXCAVADORA NH;DIESEL;$34,240
31-10-2025;RX-06;2010100008 RX-06 RETROEXCAVADORA NH;DIESEL;$84,487
31-10-2025;RX-06;2010100008 RX-06 RETROEXCAVADORA NH;DIESEL;$29,820
31-10-2025;RX-06;2010100008 RX-06 RETROEXCAVADORA NH;DIESEL;$44,389
31-10-2025;RX-06;2010100008 RX-06 RETROEXCAVADORA NH;DIESEL;$54,528
31-10-2025;RX-06;2010100008 RX-06 RETROEXCAVADORA NH;DIESEL;$78,384
31-10-2025;RX-07;2010100004 RX-07 RETROEXCAVADORA JCB  RJCB-4 HYVX6;DIESEL;$33,360
31-10-2025;TC-01;2020100015 TC-01 CAMIÓN  IVECO CHOCO ZW5118;DIESEL;$50,040
31-10-2025;TC-01;2020100015 TC-01 CAMIÓN  IVECO CHOCO ZW5118;DIESEL;$212,670
31-10-2025;TC-01;2020100015 TC-01 CAMIÓN  IVECO CHOCO ZW5118;DIESEL;$160,928
31-10-2025;TC-01;2020100015 TC-01 CAMIÓN  IVECO CHOCO ZW5118;DIESEL;$206,346
31-10-2025;TC-01;2020100015 TC-01 CAMIÓN  IVECO CHOCO ZW5118;DIESEL;$92,769
31-10-2025;TC-01;2020100015 TC-01 CAMIÓN  IVECO CHOCO ZW5118;DIESEL;$182,070
31-10-2025;TC-01;2020100015 TC-01 CAMIÓN  IVECO CHOCO ZW5118;DIESEL;$261,300
31-10-2025;TC-01;2020100015 TC-01 CAMIÓN  IVECO CHOCO ZW5118;DIESEL;$220,176
31-10-2025;TC-01;2020100015 TC-01 CAMIÓN  IVECO CHOCO ZW5118;DIESEL;$223,178
31-10-2025;TC-01;2020100015 TC-01 CAMIÓN  IVECO CHOCO ZW5118;DIESEL;$199,448
31-10-2025;TC-01;2020100015 TC-01 CAMIÓN  IVECO CHOCO ZW5118;DIESEL;$276,048
31-10-2025;TC-01;2020100015 TC-01 CAMIÓN  IVECO CHOCO ZW5118;DIESEL;$128,400
31-10-2025;TC-01;2020100015 TC-01 CAMIÓN  IVECO CHOCO ZW5118;DIESEL;$170,400
31-10-2025;TC-01;2020100015 TC-01 CAMIÓN  IVECO CHOCO ZW5118;DIESEL;$170,400
31-10-2025;TC-02;2020100004 TC-02 TRACTO CAMIÓN INTERNATIONAL DSBH5;DIESEL;$214,704
31-10-2025;TC-02;2020100004 TC-02 TRACTO CAMIÓN INTERNATIONAL DSBH5;DIESEL;$369,304
31-10-2025;TC-02;2020100004 TC-02 TRACTO CAMIÓN INTERNATIONAL DSBH5;DIESEL;$144,840
31-10-2025;TC-03;2020100031 TC-03 TRACTO CAMION MERCEDES RKYD79;DIESEL;$286,272
31-10-2025;TC-03;2020100031 TC-03 TRACTO CAMION MERCEDES RKYD79;DIESEL;$235,152
31-10-2025;TC-03;2020100031 TC-03 TRACTO CAMION MERCEDES RKYD79;DIESEL;$244,696
31-10-2025;TC-03;2020100031 TC-03 TRACTO CAMION MERCEDES RKYD79;DIESEL;$199,459
31-10-2025;TC-03;2020100031 TC-03 TRACTO CAMION MERCEDES RKYD79;DIESEL;$165,208
31-10-2025;TC-03;2020100031 TC-03 TRACTO CAMION MERCEDES RKYD79;DIESEL;$149,800
31-10-2025;TC-03;2020100031 TC-03 TRACTO CAMION MERCEDES RKYD79;DIESEL;$390,150
31-10-2025;TC-03;2020100031 TC-03 TRACTO CAMION MERCEDES RKYD79;DIESEL;$296,904
31-10-2025;TC-03;2020100031 TC-03 TRACTO CAMION MERCEDES RKYD79;DIESEL;$274,365
31-10-2025;TC-03;2020100031 TC-03 TRACTO CAMION MERCEDES RKYD79;GASOLINA 93 OCTANOS;$3,028
31-10-2025;TC-03;2020100031 TC-03 TRACTO CAMION MERCEDES RKYD79;GASOLINA 93 OCTANOS;$3,720
31-10-2025;TC-03;2020100031 TC-03 TRACTO CAMION MERCEDES RKYD79;GASOLINA 93 OCTANOS;$3,028
31-10-2025;TC-03;2020100031 TC-03 TRACTO CAMION MERCEDES RKYD79;GASOLINA 93 OCTANOS;$3,785
28-11-2025;C-42;2030100061 C-42 RAM 1500 SXVL55;82 LTS GASOLINA CTA SXVL55;$62,549
28-11-2025;C-42;2030100061 C-42 RAM 1500 SXVL55;82 LTS GASOLINA CTA SXVL55;$34,365
28-11-2025;C-42;2030100061 C-42 RAM 1500 SXVL55;38 LTS GASOLINA CTA SXVL55;$28,280
28-11-2025;C-42;2030100061 C-42 RAM 1500 SXVL55;38 LTS GASOLINA CTA SXVL55;$16,347
28-11-2025;C-42;2030100061 C-42 RAM 1500 SXVL55;83 LTS GASOLINA CTA SVL55;$60,545
28-11-2025;C-42;2030100061 C-42 RAM 1500 SXVL55;83 LTS GASOLINA CTA SVL55;$37,040
28-11-2025;C-42;2030100061 C-42 RAM 1500 SXVL55;68 LTS GASOLINA CTA SVL55;$50,144
28-11-2025;C-42;2030100061 C-42 RAM 1500 SXVL55;68 LTS GASOLINA CTA SVL55;$29,935
28-11-2025;C-43;3010100013 C-43 MITSUBISHI L200 STWW21;4 BOLETAS DIESEL 158 LTS;$158,460
28-11-2025;CT-37;2020100052 CT-37 VJGJ10  IVECO TRAKKER 500 CAMION ;BIDON CAMION CT37-BIDON CAMION CT38;$26,033
28-11-2025;CT-38;2020100053 CT-38 VJGJ12  IVECO TRAKKER 500 CAMION ;BIDON CAMION CT37-BIDON CAMION CT38;$26,034
30-11-2025;;1010100002 TALLER;GASOLINA 93 OCTANOS;$3,650
30-11-2025;;1010100002 TALLER;GASOLINA 93 OCTANOS;$711
30-11-2025;;1010100002 TALLER;DIESEL;$26,520
30-11-2025;;1010100002 TALLER;DIESEL;$9,100
30-11-2025;;1010100002 TALLER;DIESEL;$72,800
30-11-2025;;1010100002 TALLER;DIESEL;$18,200
30-11-2025;;1010100002 TALLER;DIESEL;$27,300
30-11-2025;;1010100002 TALLER;DIESEL;$18,200
30-11-2025;;1010100002 TALLER;DIESEL;$31,850
30-11-2025;;1010100002 TALLER;DIESEL;$36,400
30-11-2025;;1010100002 TALLER;DIESEL;$43,680
30-11-2025;;1010100002 TALLER;DIESEL;$70,720
30-11-2025;;1010100002 TALLER;DIESEL;$17,680
30-11-2025;;1010100002 TALLER;DIESEL;$68,775
30-11-2025;;1010100002 TALLER;DIESEL;$5,304
30-11-2025;;1010100002 TALLER;DIESEL;$48,620
30-11-2025;;1010100002 TALLER;DIESEL;$2,652
30-11-2025;;1010100002 TALLER;DIESEL;$22,100
30-11-2025;;1010100002 TALLER;DIESEL;$1,768
30-11-2025;;1010100002 TALLER;DIESEL;$34,320
30-11-2025;;1010100002 TALLER;DIESEL;$47,190
30-11-2025;;1010100002 TALLER;DIESEL;$25,740
30-11-2025;;1010100002 TALLER;DIESEL;$25,740
30-11-2025;;1010100002 TALLER;DIESEL;$3,432
30-11-2025;;1010100002 TALLER;DIESEL;$68,640
30-11-2025;;1010100002 TALLER;DIESEL;$34,760
30-11-2025;;1010100002 TALLER;DIESEL;$8,690
30-11-2025;;1010100002 TALLER;DIESEL;$46,926
30-11-2025;;1010100002 TALLER;DIESEL;$33,022
30-11-2025;;1010100002 TALLER;DIESEL;$8,690
30-11-2025;;1010100002 TALLER;DIESEL;$1,738
30-11-2025;;1010100002 TALLER;DIESEL;$35,360
30-11-2025;;1010100002 TALLER;DIESEL;$17,380
30-11-2025;;1010100002 TALLER;DIESEL;$26,070
30-11-2025;;1010100002 TALLER;DIESEL;$69,520
30-11-2025;BA-01;2010900002 [BA-01 BARREDORA LAYMOR] - LAYMOR;GASOLINA 93 OCTANOS;$2,888
30-11-2025;C-04;3010100002 C-04 JAC GBPH77;DIESEL;$46,057
30-11-2025;C-04;3010100002 C-04 JAC GBPH77;DIESEL;$42,042
30-11-2025;C-04;3010100002 C-04 JAC GBPH77;DIESEL;$17,160
30-11-2025;C-04;3010100002 C-04 JAC GBPH77;DIESEL;$55,237
30-11-2025;C-14;3010100010 C-14 MITSUBISHI KPGT71;DIESEL;$41,712
30-11-2025;C-14;3010100010 C-14 MITSUBISHI KPGT71;DIESEL;$46,852
30-11-2025;C-14;3010100010 C-14 MITSUBISHI KPGT71;DIESEL;$24,570
30-11-2025;C-17;3010100005 C-17 MITSUBISHI KPGT74;DIESEL;$30,940
30-11-2025;C-17;3010100005 C-17 MITSUBISHI KPGT74;DIESEL;$40,843
30-11-2025;C-17;2030100005 C-17 MITSUBISHI  KPGT74;DIESEL;$33,592
30-11-2025;C-17;2030100005 C-17 MITSUBISHI  KPGT74;DIESEL;$38,220
30-11-2025;C-18;2030100006 C-18 MITSUBISHI  KSRB30;DIESEL;$51,272
30-11-2025;C-18;2030100006 C-18 MITSUBISHI  KSRB30;DIESEL;$53,632
30-11-2025;C-19;3010100007 C-19 MITSUBISHI L200 RCZX21;DIESEL;$51,271
30-11-2025;C-19;3010100007 C-19 MITSUBISHI L200 RCZX21;DIESEL;$35,629
30-11-2025;C-19;3010100007 C-19 MITSUBISHI L200 RCZX21;DIESEL;$39,468
30-11-2025;C-19;3010100007 C-19 MITSUBISHI L200 RCZX21;DIESEL;$50,388
30-11-2025;C-19;3010100007 C-19 MITSUBISHI L200 RCZX21;DIESEL;$35,490
30-11-2025;C-20;3010100008 C-20 MITSUBISHI L200 RCZX23;DIESEL;$59,423
30-11-2025;C-20;3010100008 C-20 MITSUBISHI L200 RCZX23;DIESEL;$56,576
30-11-2025;C-20;3010100008 C-20 MITSUBISHI L200 RCZX23;DIESEL;$46,684
30-11-2025;C-20;3010100008 C-20 MITSUBISHI L200 RCZX23;DIESEL;$28,677
30-11-2025;C-20;3010100008 C-20 MITSUBISHI L200 RCZX23;DIESEL;$45,002
30-11-2025;C-24;2030100037 C-24 MAXUS RCXB16;DIESEL;$47,684
30-11-2025;C-24;2030100037 C-24 MAXUS RCXB16;DIESEL;$53,040
30-11-2025;C-29;3010100015 CAMIONETA JMC RWRH-49;DIESEL;$53,040
30-11-2025;C-29;3010100015 CAMIONETA JMC RWRH-49;DIESEL;$51,870
30-11-2025;C-29;3010100015 CAMIONETA JMC RWRH-49;DIESEL;$45,500
30-11-2025;C-29;3010100015 CAMIONETA JMC RWRH-49;DIESEL;$52,156
30-11-2025;C-29;3010100015 CAMIONETA JMC RWRH-49;DIESEL;$52,140
30-11-2025;C-29;3010100015 CAMIONETA JMC RWRH-49;DIESEL;$49,764
30-11-2025;C-35;2030100053 C-35 JMC VIGUS 4X4 SCSL76;DIESEL;$54,600
30-11-2025;C-37;3010100012 C-37 MAXUS 4654 SLCT28;DIESEL;$38,220
30-11-2025;C-37;3010100012 C-37 MAXUS 4654 SLCT28;DIESEL;$22,750
30-11-2025;C-37;3010100012 C-37 MAXUS 4654 SLCT28;DIESEL;$58,432
30-11-2025;C-37;3010100012 C-37 MAXUS 4654 SLCT28;DIESEL;$49,764
30-11-2025;C-37;3010100012 C-37 MAXUS 4654 SLCT28;DIESEL;$46,057
30-11-2025;C-37;3010100012 C-37 MAXUS 4654 SLCT28;DIESEL;$59,961
30-11-2025;C-37;3010100012 C-37 MAXUS 4654 SLCT28;DIESEL;$42,900
30-11-2025;C-37;3010100012 C-37 MAXUS 4654 SLCT28;DIESEL;$49,764
30-11-2025;C-38;2030100057 C-38 MAXUS T60 4x4 2.8 DXCS SRPL59;DIESEL;$43,450
30-11-2025;C-38;2030100057 C-38 MAXUS T60 4x4 2.8 DXCS SRPL59;DIESEL;$29,172
30-11-2025;C-38;2030100057 C-38 MAXUS T60 4x4 2.8 DXCS SRPL59;DIESEL;$28,314
30-11-2025;C-38;2030100057 C-38 MAXUS T60 4x4 2.8 DXCS SRPL59;DIESEL;$33,462
30-11-2025;C-38;2030100057 C-38 MAXUS T60 4x4 2.8 DXCS SRPL59;DIESEL;$37,367
30-11-2025;C-38;2030100057 C-38 MAXUS T60 4x4 2.8 DXCS SRPL59;DIESEL;$42,581
30-11-2025;C-38;2030100057 C-38 MAXUS T60 4x4 2.8 DXCS SRPL59;DIESEL;$39,468
30-11-2025;C-43;3010100013 C-43 MITSUBISHI L200 STWW21;DIESEL;$18,018
30-11-2025;C-43;3010100013 C-43 MITSUBISHI L200 STWW21;DIESEL;$15,444
30-11-2025;C-43;3010100013 C-43 MITSUBISHI L200 STWW21;DIESEL;$44,319
30-11-2025;C-43;3010100013 C-43 MITSUBISHI L200 STWW21;DIESEL;$18,857
30-11-2025;C-43;3010100013 C-43 MITSUBISHI L200 STWW21;DIESEL;$42,581
30-11-2025;C-43;3010100013 C-43 MITSUBISHI L200 STWW21;DIESEL;$34,320
30-11-2025;C-43;3010100013 C-43 MITSUBISHI L200 STWW21;DIESEL;$51,537
30-11-2025;C-43;3010100013 C-43 MITSUBISHI L200 STWW21;DIESEL;$47,121
30-11-2025;C-45;2030100055 C-45 MAXUS 8943 SLCT29;DIESEL;$27,300
30-11-2025;C-45;2030100055 C-45 MAXUS 8943 SLCT29;DIESEL;$48,620
30-11-2025;C-45;2030100055 C-45 MAXUS 8943 SLCT29;DIESEL;$41,712
30-11-2025;C-45;2030100055 C-45 MAXUS 8943 SLCT29;DIESEL;$47,190
30-11-2025;C-45;2030100055 C-45 MAXUS 8943 SLCT29;DIESEL;$33,462
30-11-2025;C-45;2030100055 C-45 MAXUS 8943 SLCT29;DIESEL;$24,332
30-11-2025;C-45;2030100055 C-45 MAXUS 8943 SLCT29;DIESEL;$25,480
30-11-2025;C-45;2030100055 C-45 MAXUS 8943 SLCT29;DIESEL;$48,230
30-11-2025;C-49;2030100068 C-49 CAMIONETA NISSAN NP300 JRPT-44;DIESEL;$28,210
30-11-2025;C-51;3010100001 C-51 CAMIONETA PEUGEOT PARTNER TSXT-79;DIESEL;$39,780
30-11-2025;C-51;3010100001 C-51 CAMIONETA PEUGEOT PARTNER TSXT-79;DIESEL;$42,770
30-11-2025;C-51;3010100001 C-51 CAMIONETA PEUGEOT PARTNER TSXT-79;DIESEL;$32,760
30-11-2025;C-51;3010100001 C-51 CAMIONETA PEUGEOT PARTNER TSXT-79;DIESEL;$25,740
30-11-2025;C-51;3010100001 C-51 CAMIONETA PEUGEOT PARTNER TSXT-79;DIESEL;$36,036
30-11-2025;C-51;3010100001 C-51 CAMIONETA PEUGEOT PARTNER TSXT-79;DIESEL;$39,974
30-11-2025;C-51;3010100001 C-51 CAMIONETA PEUGEOT PARTNER TSXT-79;DIESEL;$31,284
30-11-2025;C-54;3010100018 C-54 MAXUS T60 4X4 2.0 DX PLUS VPPL47;DIESEL;$57,702
30-11-2025;C-54;3010100018 C-54 MAXUS T60 4X4 2.0 DX PLUS VPPL47;DIESEL;$23,660
30-11-2025;C-54;3010100018 C-54 MAXUS T60 4X4 2.0 DX PLUS VPPL47;DIESEL;$37,037
30-11-2025;C-54;3010100018 C-54 MAXUS T60 4X4 2.0 DX PLUS VPPL47;DIESEL;$42,133
30-11-2025;C-54;3010100018 C-54 MAXUS T60 4X4 2.0 DX PLUS VPPL47;DIESEL;$25,990
30-11-2025;C-54;3010100018 C-54 MAXUS T60 4X4 2.0 DX PLUS VPPL47;DIESEL;$17,680
30-11-2025;C-54;3010100018 C-54 MAXUS T60 4X4 2.0 DX PLUS VPPL47;DIESEL;$30,056
30-11-2025;C-54;3010100018 C-54 MAXUS T60 4X4 2.0 DX PLUS VPPL47;DIESEL;$24,929
30-11-2025;C-54;3010100018 C-54 MAXUS T60 4X4 2.0 DX PLUS VPPL47;DIESEL;$38,896
30-11-2025;C-54;3010100018 C-54 MAXUS T60 4X4 2.0 DX PLUS VPPL47;DIESEL;$19,110
30-11-2025;CF-04;2010300003 CF-04 CARGADOR FRONTAL VOLVO CF-04;DIESEL;$126,126
30-11-2025;CF-04;2010300003 CF-04 CARGADOR FRONTAL VOLVO CF-04;DIESEL;$80,080
30-11-2025;CF-04;2010300003 CF-04 CARGADOR FRONTAL VOLVO CF-04;DIESEL;$94,380
30-11-2025;CF-04;2010300003 CF-04 CARGADOR FRONTAL VOLVO CF-04;DIESEL;$138,788
30-11-2025;CF-04;2010300003 CF-04 CARGADOR FRONTAL VOLVO CF-04;DIESEL;$98,124
30-11-2025;CF-04;2010300003 CF-04 CARGADOR FRONTAL VOLVO CF-04;DIESEL;$101,660
30-11-2025;CF-04;2010300003 CF-04 CARGADOR FRONTAL VOLVO CF-04;DIESEL;$103,428
30-11-2025;CF-04;2010300003 CF-04 CARGADOR FRONTAL VOLVO CF-04;DIESEL;$124,670
30-11-2025;CF-04;2010300003 CF-04 CARGADOR FRONTAL VOLVO CF-04;DIESEL;$131,950
30-11-2025;CF-04;2010300003 CF-04 CARGADOR FRONTAL VOLVO CF-04;DIESEL;$147,420
30-11-2025;CF-04;2010300003 CF-04 CARGADOR FRONTAL VOLVO CF-04;DIESEL;$103,740
30-11-2025;CF-04;2010300003 CF-04 CARGADOR FRONTAL VOLVO CF-04;DIESEL;$131,219
30-11-2025;CF-04;2010300003 CF-04 CARGADOR FRONTAL VOLVO CF-04;DIESEL;$167,960
30-11-2025;CF-04;2010300003 CF-04 CARGADOR FRONTAL VOLVO CF-04;DIESEL;$142,516
30-11-2025;CF-04;2010300003 CF-04 CARGADOR FRONTAL VOLVO CF-04;DIESEL;$128,612
30-11-2025;CF-04;2010300003 CF-04 CARGADOR FRONTAL VOLVO CF-04;DIESEL;$138,171
30-11-2025;CF-04;2010300003 CF-04 CARGADOR FRONTAL VOLVO CF-04;DIESEL;$206,822
30-11-2025;CF-04;2010300003 CF-04 CARGADOR FRONTAL VOLVO CF-04;DIESEL;$119,262
30-11-2025;CF-04;2010300003 CF-04 CARGADOR FRONTAL VOLVO CF-04;DIESEL;$165,594
30-11-2025;CF-04;2010300003 CF-04 CARGADOR FRONTAL VOLVO CF-04;DIESEL;$122,694
30-11-2025;CF-05;2010300006 CF-05 CARGADOR CLINTON2;DIESEL;$51,480
30-11-2025;CF-05;2010300006 CF-05 CARGADOR CLINTON2;DIESEL;$81,338
30-11-2025;CF-05;2010300006 CF-05 CARGADOR CLINTON2;DIESEL;$150,337
30-11-2025;CF-05;2010300006 CF-05 CARGADOR CLINTON2;DIESEL;$86,900
30-11-2025;CF-05;2010300006 CF-05 CARGADOR CLINTON2;DIESEL;$61,699
30-11-2025;CF-05;2010300006 CF-05 CARGADOR CLINTON2;DIESEL;$55,877
30-11-2025;CF-05;2010300006 CF-05 CARGADOR CLINTON2;DIESEL;$62,568
30-11-2025;CF-05;2010300006 CF-05 CARGADOR CLINTON2;DIESEL;$40,930
30-11-2025;CF-05;2010300006 CF-05 CARGADOR CLINTON2;DIESEL;$111,930
30-11-2025;CF-05;2010300006 CF-05 CARGADOR CLINTON2;DIESEL;$82,810
30-11-2025;CF-05;2010300006 CF-05 CARGADOR CLINTON2;DIESEL;$90,168
30-11-2025;CF-05;2010300006 CF-05 CARGADOR CLINTON2;DIESEL;$71,604
30-11-2025;CF-05;2010300006 CF-05 CARGADOR CLINTON2;DIESEL;$56,576
30-11-2025;CF-05;2010300006 CF-05 CARGADOR CLINTON2;DIESEL;$54,172
30-11-2025;CF-06;2010300008 CF-06 CARGADOR FRONTAL JHON DEERE 624K ;DIESEL;$78,676
30-11-2025;CF-06;2010300008 CF-06 CARGADOR FRONTAL JHON DEERE 624K ;DIESEL;$59,228
30-11-2025;CF-06;2010300008 CF-06 CARGADOR FRONTAL JHON DEERE 624K ;DIESEL;$59,228
30-11-2025;CF-06;2010300008 CF-06 CARGADOR FRONTAL JHON DEERE 624K ;DIESEL;$79,560
30-11-2025;CF-06;2010300008 CF-06 CARGADOR FRONTAL JHON DEERE 624K ;DIESEL;$30,030
30-11-2025;CF-06;2010300008 CF-06 CARGADOR FRONTAL JHON DEERE 624K ;DIESEL;$115,577
30-11-2025;CF-06;2010300008 CF-06 CARGADOR FRONTAL JHON DEERE 624K ;DIESEL;$79,079
30-11-2025;CF-06;2010300008 CF-06 CARGADOR FRONTAL JHON DEERE 624K ;DIESEL;$164,736
30-11-2025;CF-06;2010300008 CF-06 CARGADOR FRONTAL JHON DEERE 624K ;DIESEL;$68,640
30-11-2025;CP-02;2020100012 CP-02 CAMIÓN  FOTON  HKST11;DIESEL;$52,780
30-11-2025;CP-02;2020100012 CP-02 CAMIÓN  FOTON  HKST11;DIESEL;$45,968
30-11-2025;CP-02;2020100012 CP-02 CAMIÓN  FOTON  HKST11;DIESEL;$47,190
30-11-2025;CP-02;2020100012 CP-02 CAMIÓN  FOTON  HKST11;DIESEL;$28,677
30-11-2025;CP-02;2020100012 CP-02 CAMIÓN  FOTON  HKST11;DIESEL;$37,367
30-11-2025;CP-02;2020100012 CP-02 CAMIÓN  FOTON  HKST11;DIESEL;$20,856
30-11-2025;CP-02;2020100012 CP-02 CAMIÓN  FOTON  HKST11;DIESEL;$53,009
30-11-2025;CP-02;2020100012 CP-02 CAMIÓN  FOTON  HKST11;DIESEL;$51,480
30-11-2025;CP-04;2020100017 CP-04 CAMION MITSUBISHI CANTER LBLG59;DIESEL;$45,689
30-11-2025;CP-05;2020100030 CP-05 CAMION MITSUBISHI FUSO RKYD89;DIESEL;$72,488
30-11-2025;CP-05;2020100030 CP-05 CAMION MITSUBISHI FUSO RKYD89;DIESEL;$64,610
30-11-2025;CP-05;2020100030 CP-05 CAMION MITSUBISHI FUSO RKYD89;DIESEL;$51,870
30-11-2025;CP-05;2020100030 CP-05 CAMION MITSUBISHI FUSO RKYD89;DIESEL;$83,096
30-11-2025;CP-05;2020100030 CP-05 CAMION MITSUBISHI FUSO RKYD89;DIESEL;$72,930
30-11-2025;CP-05;2020100030 CP-05 CAMION MITSUBISHI FUSO RKYD89;DIESEL;$65,175
30-11-2025;CP-05;2020100030 CP-05 CAMION MITSUBISHI FUSO RKYD89;DIESEL;$50,960
30-11-2025;CP-06;2020100003 CP-06 CAMIÓN  SINOTRUK PLUMA DJBD80;DIESEL;$104,312
30-11-2025;CP-06;2020100003 CP-06 CAMIÓN  SINOTRUK PLUMA DJBD80;DIESEL;$99,066
30-11-2025;CP-06;2020100003 CP-06 CAMIÓN  SINOTRUK PLUMA DJBD80;DIESEL;$99,066
30-11-2025;CP-07;2020100005 CP-07 CAMIÓN PLUMA DZYT-67;DIESEL;$155,610
30-11-2025;CP-07;2020100005 CP-07 CAMIÓN PLUMA DZYT-67;DIESEL;$108,966
30-11-2025;CP-8;2020100032 CP-8 CAMION PLUMA TECTOR SXBK-30;DIESEL;$403,988
30-11-2025;CP-8;2020100032 CP-8 CAMION PLUMA TECTOR SXBK-30;DIESEL;$394,030
30-11-2025;CP-8;2020100032 CP-8 CAMION PLUMA TECTOR SXBK-30;DIESEL;$279,818
30-11-2025;CP-8;2020100032 CP-8 CAMION PLUMA TECTOR SXBK-30;DIESEL;$86,900
30-11-2025;CP-8;2020100032 CP-8 CAMION PLUMA TECTOR SXBK-30;DIESEL;$377,520
30-11-2025;CP-8;2020100032 CP-8 CAMION PLUMA TECTOR SXBK-30;DIESEL;$173,800
30-11-2025;CT-03;2020100018 CT-03 CAMION TOLVA MACK RD-7433;DIESEL;$73,865
30-11-2025;CT-03;2020100018 CT-03 CAMION TOLVA MACK RD-7433;DIESEL;$49,764
30-11-2025;CT-03;2020100018 CT-03 CAMION TOLVA MACK RD-7433;DIESEL;$121,992
30-11-2025;CT-03;2020100018 CT-03 CAMION TOLVA MACK RD-7433;DIESEL;$70,720
30-11-2025;CT-09;2020100016 CT-09 CAMION JAC TOLVA GGFY95;DIESEL;$200,200
30-11-2025;CT-09;2020100016 CT-09 CAMION JAC TOLVA GGFY95;DIESEL;$263,900
30-11-2025;CT-09;2020100016 CT-09 CAMION JAC TOLVA GGFY95;DIESEL;$212,160
30-11-2025;CT-09;2020100016 CT-09 CAMION JAC TOLVA GGFY95;DIESEL;$208,560
30-11-2025;CT-09;2020100016 CT-09 CAMION JAC TOLVA GGFY95;DIESEL;$231,660
30-11-2025;CT-09;2020100016 CT-09 CAMION JAC TOLVA GGFY95;DIESEL;$225,940
30-11-2025;CT-10;2020100009 CT-10 CAMIÓN FOTON TOLVA HKDX21;DIESEL;$107,562
30-11-2025;CT-10;2020100009 CT-10 CAMIÓN FOTON TOLVA HKDX21;DIESEL;$106,470
30-11-2025;CT-20;2020100033 CT-20 CAMIÓN ARRENDADO BFTP53;DIESEL;$171,171
30-11-2025;CT-20;2020100033 CT-20 CAMIÓN ARRENDADO BFTP53;DIESEL;$163,020
30-11-2025;CT-20;2020100033 CT-20 CAMIÓN ARRENDADO BFTP53;DIESEL;$171,080
30-11-2025;CT-20;2020100033 CT-20 CAMIÓN ARRENDADO BFTP53;DIESEL;$180,336
30-11-2025;CT-20;2020100033 CT-20 CAMIÓN ARRENDADO BFTP53;DIESEL;$180,336
30-11-2025;CT-20;2020100033 CT-20 CAMIÓN ARRENDADO BFTP53;DIESEL;$182,490
30-11-2025;CT-20;2020100033 CT-20 CAMIÓN ARRENDADO BFTP53;DIESEL;$211,120
30-11-2025;CT-21;2020100034 CT-21 CAMIÓN ARRENDADO BFTP65;DIESEL;$165,308
30-11-2025;CT-21;2020100034 CT-21 CAMIÓN ARRENDADO BFTP65;DIESEL;$180,180
30-11-2025;CT-22;2020100035 CT-22 CAMIÓN ARRENDADO BFTP 66;DIESEL;$111,540
30-11-2025;CT-22;2020100035 CT-22 CAMIÓN ARRENDADO BFTP 66;DIESEL;$111,540
30-11-2025;CT-22;2020100035 CT-22 CAMIÓN ARRENDADO BFTP 66;DIESEL;$86,900
30-11-2025;CT-22;2020100035 CT-22 CAMIÓN ARRENDADO BFTP 66;DIESEL;$86,900
30-11-2025;CT-22;2020100035 CT-22 CAMIÓN ARRENDADO BFTP 66;DIESEL;$163,540
30-11-2025;CT-22;2020100035 CT-22 CAMIÓN ARRENDADO BFTP 66;DIESEL;$123,760
30-11-2025;CT-22;2020100035 CT-22 CAMIÓN ARRENDADO BFTP 66;DIESEL;$131,040
30-11-2025;CT-22;2020100035 CT-22 CAMIÓN ARRENDADO BFTP 66;DIESEL;$80,267
30-11-2025;CT-22;2020100035 CT-22 CAMIÓN ARRENDADO BFTP 66;DIESEL;$128,310
30-11-2025;CT-24;2020100039 CT-24 CAMION MACK BDYC-87;DIESEL;$54,600
30-11-2025;CT-25;2020100040 CT-25 CAMION MACK WH-9819;DIESEL;$215,864
30-11-2025;CT-26;2020100041 CT-26 CAMION MACK WH-9820;DIESEL;$169,728
30-11-2025;CT-26;2020100041 CT-26 CAMION MACK WH-9820;DIESEL;$162,162
30-11-2025;CT-28;2020100043 CT-28 CAMION MACK WH-9822;GASOLINA 93 OCTANOS;$1,460
30-11-2025;CT-31;2020100046 CT-31 CAMION MACK YU-4569;DIESEL;$111,540
30-11-2025;CT-31;2020100046 CT-31 CAMION MACK YU-4569;DIESEL;$116,688
30-11-2025;CT-31;2020100046 CT-31 CAMION MACK YU-4569;DIESEL;$139,040
30-11-2025;CT-31;2020100046 CT-31 CAMION MACK YU-4569;DIESEL;$80,817
30-11-2025;CT-31;2020100046 CT-31 CAMION MACK YU-4569;DIESEL;$120,120
30-11-2025;EX-03;2010200006 EX-03 EXC JCB PC 200;DIESEL;$152,075
30-11-2025;EX-03;2010200006 EX-03 EXC JCB PC 200;DIESEL;$70,720
30-11-2025;EX-03;2010200006 EX-03 EXC JCB PC 200;DIESEL;$156,520
30-11-2025;EX-03;2010200006 EX-03 EXC JCB PC 200;DIESEL;$92,820
30-11-2025;EX-03;2010200006 EX-03 EXC JCB PC 200;DIESEL;$141,570
30-11-2025;EX-06;2010200008 EX-06 EXCAVADORA JCB 330;DIESEL;$7,722
30-11-2025;EX-06;2010200008 EX-06 EXCAVADORA JCB 330;DIESEL;$250,250
30-11-2025;EX-06;2010200008 EX-06 EXCAVADORA JCB 330;DIESEL;$173,800
30-11-2025;MC-04;2010300012 MC-04 MINICARGADOR BOBCAT;DIESEL;$26,157
30-11-2025;MC-04;2010300012 MC-04 MINICARGADOR BOBCAT;DIESEL;$15,028
30-11-2025;MC-04;2010300012 MC-04 MINICARGADOR BOBCAT;DIESEL;$17,169
30-11-2025;MN-04;2010400004 MN-04 MOTONIVELADORA VOLVO, PPU YF-5586;GASOLINA 93 OCTANOS;$1,460
30-11-2025;MX-02;2010200011 MX-02 MINIEXCAVADORA WACKER;DIESEL;$32,708
30-11-2025;MX-02;2010200011 MX-02 MINIEXCAVADORA WACKER;DIESEL;$25,935
30-11-2025;MX-02;2010200011 MX-02 MINIEXCAVADORA WACKER;DIESEL;$35,360
30-11-2025;MX-03;2010200010 MX-03 MINIEXCAVADORA JCB;DIESEL;$18,249
30-11-2025;RX-02;2010100006 RX-02 RETROEXCAVADORA JONH DEERE;DIESEL;$67,782
30-11-2025;RX-02;2010100006 RX-02 RETROEXCAVADORA JONH DEERE;DIESEL;$56,576
30-11-2025;RX-02;2010100006 RX-02 RETROEXCAVADORA JONH DEERE;DIESEL;$33,592
30-11-2025;RX-02;2010100006 RX-02 RETROEXCAVADORA JONH DEERE;DIESEL;$30,030
30-11-2025;RX-05;2010100007 RX-05 RETROEXCAVADORA NH;DIESEL;$93,730
30-11-2025;RX-05;2010100007 RX-05 RETROEXCAVADORA NH;DIESEL;$22,100
30-11-2025;RX-05;2010100007 RX-05 RETROEXCAVADORA NH;DIESEL;$11,297
30-11-2025;RX-05;2010100007 RX-05 RETROEXCAVADORA NH;DIESEL;$35,629
30-11-2025;RX-05;2010100007 RX-05 RETROEXCAVADORA NH;DIESEL;$21,725
30-11-2025;RX-05;2010100007 RX-05 RETROEXCAVADORA NH;DIESEL;$50,622
30-11-2025;RX-05;2010100007 RX-05 RETROEXCAVADORA NH;DIESEL;$71,214
30-11-2025;TC-01;2020100015 TC-01 CAMIÓN  IVECO CHOCO ZW5118;DIESEL;$270,270
30-11-2025;TC-01;2020100015 TC-01 CAMIÓN  IVECO CHOCO ZW5118;DIESEL;$135,564
30-11-2025;TC-01;2020100015 TC-01 CAMIÓN  IVECO CHOCO ZW5118;DIESEL;$128,786
30-11-2025;TC-01;2020100015 TC-01 CAMIÓN  IVECO CHOCO ZW5118;DIESEL;$161,634
30-11-2025;TC-01;2020100015 TC-01 CAMIÓN  IVECO CHOCO ZW5118;DIESEL;$203,320
30-11-2025;TC-01;2020100015 TC-01 CAMIÓN  IVECO CHOCO ZW5118;DIESEL;$291,720
30-11-2025;TC-01;2020100015 TC-01 CAMIÓN  IVECO CHOCO ZW5118;DIESEL;$212,160
30-11-2025;TC-01;2020100015 TC-01 CAMIÓN  IVECO CHOCO ZW5118;DIESEL;$233,870
30-11-2025;TC-01;2020100015 TC-01 CAMIÓN  IVECO CHOCO ZW5118;DIESEL;$266,838
30-11-2025;TC-01;2020100015 TC-01 CAMIÓN  IVECO CHOCO ZW5118;GASOLINA 93 OCTANOS;$3,610
30-11-2025;TC-01;2020100015 TC-01 CAMIÓN  IVECO CHOCO ZW5118;GASOLINA 93 OCTANOS;$3,555
30-11-2025;TC-02;2020100004 TC-02 TRACTO CAMIÓN INTERNATIONAL DSBH5;DIESEL;$269,360
30-11-2025;TC-02;2020100004 TC-02 TRACTO CAMIÓN INTERNATIONAL DSBH5;DIESEL;$142,870
30-11-2025;TC-02;2020100004 TC-02 TRACTO CAMIÓN INTERNATIONAL DSBH5;DIESEL;$263,900
30-11-2025;TC-02;2020100004 TC-02 TRACTO CAMIÓN INTERNATIONAL DSBH5;DIESEL;$304,150
30-11-2025;TC-03;2020100031 TC-03 TRACTO CAMION MERCEDES RKYD79;GASOLINA 93 OCTANOS;$2,844
30-11-2025;TC-03;2020100031 TC-03 TRACTO CAMION MERCEDES RKYD79;GASOLINA 93 OCTANOS;$2,844
30-11-2025;TC-03;2020100031 TC-03 TRACTO CAMION MERCEDES RKYD79;GASOLINA 93 OCTANOS;$2,133
30-11-2025;TC-03;2020100031 TC-03 TRACTO CAMION MERCEDES RKYD79;GASOLINA 93 OCTANOS;$7,220
30-11-2025;TC-03;2020100031 TC-03 TRACTO CAMION MERCEDES RKYD79;DIESEL;$124,267
30-11-2025;TC-03;2020100031 TC-03 TRACTO CAMION MERCEDES RKYD79;DIESEL;$305,019
30-11-2025;TC-03;2020100031 TC-03 TRACTO CAMION MERCEDES RKYD79;DIESEL;$200,772
30-11-2025;TC-03;2020100031 TC-03 TRACTO CAMION MERCEDES RKYD79;DIESEL;$308,880
30-11-2025;TC-03;2020100031 TC-03 TRACTO CAMION MERCEDES RKYD79;DIESEL;$173,800
30-11-2025;TC-03;2020100031 TC-03 TRACTO CAMION MERCEDES RKYD79;DIESEL;$227,678
30-11-2025;TC-03;2020100031 TC-03 TRACTO CAMION MERCEDES RKYD79;DIESEL;$245,700
30-11-2025;TC-03;2020100031 TC-03 TRACTO CAMION MERCEDES RKYD79;DIESEL;$309,400
30-11-2025;TC-03;2020100031 TC-03 TRACTO CAMION MERCEDES RKYD79;DIESEL;$321,776
10-12-2025;;1010100002 TALLER;3 LTS GASOLINA TRASLADO RAMIRO GOMEZ;$5,000
17-12-2025;C-43;3010100013 C-43 MITSUBISHI L200 STWW21;GASOLINA DIESEL CTA STWW21 TEMUCO;$30,000
18-12-2025;GV-01;2011000004 GV-01 Gravilladora Etnyre;16 LTS GASOLINA SAMUEL NUÑEZ GRAVILLADORA;$20,000
31-12-2025;C-22;3010100009 C-22 MITSUBISHI L200 RCZX28;34 LTS DIESEL CTA RCZX28;$23,749
31-12-2025;C-22;3010100009 C-22 MITSUBISHI L200 RCZX28;34 LTS DIESEL CTA RCZX28;$4,740
31-12-2025;C-42;2030100061 C-42 RAM 1500 SXVL55;86 LTS GASOLINA CTA JHL SXVL55;$60,345
31-12-2025;C-42;2030100061 C-42 RAM 1500 SXVL55;86 LTS GASOLINA CTA JHL SXVL55;$40,197
